,filename,outsideShape,factor,bitPerPart,radius,psnr,robustCheck,fragileRedCheck,fragileGreenCheck,fragileBlueCheck
0,10-10-1-4-1.png,"(10, 10)",1,4,1,41.56895883753268,0.7512755102040817,1.0,1.0,1.0
1,10-10-1-8-1.png,"(10, 10)",1,8,1,40.88705297718087,0.7079081632653061,1.0,1.0,1.0
2,10-10-1-16-1.png,"(10, 10)",1,16,1,40.97633158747607,0.5940688775510204,1.0,1.0,1.0
3,10-10-1-32-1.png,"(10, 10)",1,32,1,40.89606080520127,0.546875,1.0,1.0,1.0
4,10-10-10-4-1.png,"(10, 10)",10,4,1,39.612262345725824,0.6772959183673469,1.0,1.0,1.0
5,10-10-10-8-1.png,"(10, 10)",10,8,1,38.90140351103967,0.5854591836734694,1.0,1.0,1.0
6,10-10-10-16-1.png,"(10, 10)",10,16,1,39.11054539954367,0.5248724489795918,1.0,1.0,1.0
7,10-10-10-32-1.png,"(10, 10)",10,32,1,38.97950438486675,0.5167410714285714,1.0,1.0,1.0
8,10-10-20-4-1.png,"(10, 10)",20,4,1,39.368964797363176,0.6530612244897959,1.0,1.0,1.0
9,10-10-20-8-1.png,"(10, 10)",20,8,1,38.8291366215913,0.5625,1.0,1.0,1.0
10,10-10-20-16-1.png,"(10, 10)",20,16,1,38.97132489050946,0.5223214285714286,1.0,1.0,1.0
11,10-10-20-32-1.png,"(10, 10)",20,32,1,38.88425193642411,0.5175382653061225,1.0,1.0,1.0
12,10-10-30-4-1.png,"(10, 10)",30,4,1,39.35400702421492,0.6364795918367347,1.0,1.0,1.0
13,10-10-30-8-1.png,"(10, 10)",30,8,1,38.87774802746902,0.5229591836734694,1.0,1.0,1.0
14,10-10-30-16-1.png,"(10, 10)",30,16,1,39.03228983466775,0.5223214285714286,1.0,1.0,1.0
15,10-10-30-32-1.png,"(10, 10)",30,32,1,38.92249933236755,0.5127551020408163,1.0,1.0,1.0
16,10-10-40-4-1.png,"(10, 10)",40,4,1,39.221738595204144,0.6058673469387755,1.0,1.0,1.0
17,10-10-40-8-1.png,"(10, 10)",40,8,1,38.86083672329254,0.5408163265306123,1.0,1.0,1.0
18,10-10-40-16-1.png,"(10, 10)",40,16,1,38.959250187440034,0.5146683673469388,1.0,1.0,1.0
19,10-10-40-32-1.png,"(10, 10)",40,32,1,38.87999335603394,0.5141900510204082,1.0,1.0,1.0
20,10-10-50-4-1.png,"(10, 10)",50,4,1,39.12947176901304,0.6084183673469388,1.0,1.0,1.0
21,10-10-50-8-1.png,"(10, 10)",50,8,1,38.78797831215036,0.5478316326530612,1.0,1.0,1.0
22,10-10-50-16-1.png,"(10, 10)",50,16,1,38.91323017081268,0.5102040816326531,1.0,1.0,1.0
23,10-10-50-32-1.png,"(10, 10)",50,32,1,38.79536183156005,0.5111607142857143,1.0,1.0,1.0
24,10-10-60-4-1.png,"(10, 10)",60,4,1,39.120874979409066,0.6339285714285714,1.0,1.0,1.0
25,10-10-60-8-1.png,"(10, 10)",60,8,1,38.84195792688911,0.5612244897959183,1.0,1.0,1.0
26,10-10-60-16-1.png,"(10, 10)",60,16,1,38.90113522297709,0.5130739795918368,1.0,1.0,1.0
27,10-10-60-32-1.png,"(10, 10)",60,32,1,38.86401449236547,0.5159438775510204,1.0,1.0,1.0
28,10-10-70-4-1.png,"(10, 10)",70,4,1,39.10401990515036,0.6160714285714286,1.0,1.0,1.0
29,10-10-70-8-1.png,"(10, 10)",70,8,1,38.81011585302199,0.5293367346938775,1.0,1.0,1.0
30,10-10-70-16-1.png,"(10, 10)",70,16,1,38.91425023941285,0.5044642857142857,1.0,1.0,1.0
31,10-10-70-32-1.png,"(10, 10)",70,32,1,38.855107266839376,0.5224808673469388,1.0,1.0,1.0
32,10-10-80-4-1.png,"(10, 10)",80,4,1,39.07959446980342,0.6198979591836735,1.0,1.0,1.0
33,10-10-80-8-1.png,"(10, 10)",80,8,1,38.76261713997292,0.5114795918367347,1.0,1.0,1.0
34,10-10-80-16-1.png,"(10, 10)",80,16,1,38.8767385582731,0.5035076530612245,1.0,1.0,1.0
35,10-10-80-32-1.png,"(10, 10)",80,32,1,38.76959873100412,0.5175382653061225,1.0,1.0,1.0
36,10-10-90-4-1.png,"(10, 10)",90,4,1,39.06674630726596,0.6237244897959183,1.0,1.0,1.0
37,10-10-90-8-1.png,"(10, 10)",90,8,1,38.78667834365536,0.5280612244897959,1.0,1.0,1.0
38,10-10-90-16-1.png,"(10, 10)",90,16,1,38.9122949139791,0.5149872448979592,1.0,1.0,1.0
39,10-10-90-32-1.png,"(10, 10)",90,32,1,38.80313512507944,0.5074936224489796,1.0,1.0,1.0
40,10-10-100-4-1.png,"(10, 10)",100,4,1,39.00761214668214,0.6058673469387755,1.0,1.0,1.0
41,10-10-100-8-1.png,"(10, 10)",100,8,1,38.825138945254885,0.5146683673469388,1.0,1.0,1.0
42,10-10-100-16-1.png,"(10, 10)",100,16,1,38.90418832406701,0.5060586734693877,1.0,1.0,1.0
43,10-10-100-32-1.png,"(10, 10)",100,32,1,38.78473719809535,0.5157844387755102,1.0,1.0,1.0
44,10-10-1-4-2.png,"(10, 10)",1,4,2,41.12981039096422,0.639030612244898,1.0,1.0,1.0
45,10-10-1-8-2.png,"(10, 10)",1,8,2,40.50685618922906,0.7385204081632653,1.0,1.0,1.0
46,10-10-1-16-2.png,"(10, 10)",1,16,2,40.14780699028339,0.6782525510204082,1.0,1.0,1.0
47,10-10-1-32-2.png,"(10, 10)",1,32,2,40.06507799308401,0.5854591836734694,1.0,1.0,1.0
48,10-10-10-4-2.png,"(10, 10)",10,4,2,39.666441105828376,0.6441326530612245,1.0,1.0,1.0
49,10-10-10-8-2.png,"(10, 10)",10,8,2,38.96254780197849,0.6071428571428571,1.0,1.0,1.0
50,10-10-10-16-2.png,"(10, 10)",10,16,2,38.79281046522867,0.5414540816326531,1.0,1.0,1.0
51,10-10-10-32-2.png,"(10, 10)",10,32,2,38.80943948052231,0.5148278061224489,1.0,1.0,1.0
52,10-10-20-4-2.png,"(10, 10)",20,4,2,39.414038452099184,0.6339285714285714,1.0,1.0,1.0
53,10-10-20-8-2.png,"(10, 10)",20,8,2,38.76333582741593,0.5644132653061225,1.0,1.0,1.0
54,10-10-20-16-2.png,"(10, 10)",20,16,2,38.75412581211757,0.529655612244898,1.0,1.0,1.0
55,10-10-20-32-2.png,"(10, 10)",20,32,2,38.747237101926906,0.5038265306122449,1.0,1.0,1.0
56,10-10-30-4-2.png,"(10, 10)",30,4,2,39.52702660596913,0.6186224489795918,1.0,1.0,1.0
57,10-10-30-8-2.png,"(10, 10)",30,8,2,38.84310398084057,0.5478316326530612,1.0,1.0,1.0
58,10-10-30-16-2.png,"(10, 10)",30,16,2,38.72502853215223,0.5299744897959183,1.0,1.0,1.0
59,10-10-30-32-2.png,"(10, 10)",30,32,2,38.76304512311041,0.5054209183673469,1.0,1.0,1.0
60,10-10-40-4-2.png,"(10, 10)",40,4,2,39.3516286173073,0.5790816326530612,1.0,1.0,1.0
61,10-10-40-8-2.png,"(10, 10)",40,8,2,38.74581850594405,0.5542091836734694,1.0,1.0,1.0
62,10-10-40-16-2.png,"(10, 10)",40,16,2,38.76604955952034,0.5165816326530612,1.0,1.0,1.0
63,10-10-40-32-2.png,"(10, 10)",40,32,2,38.72632146549932,0.5082908163265306,1.0,1.0,1.0
64,10-10-50-4-2.png,"(10, 10)",50,4,2,39.20356227831876,0.6147959183673469,1.0,1.0,1.0
65,10-10-50-8-2.png,"(10, 10)",50,8,2,38.75964987874915,0.5178571428571429,1.0,1.0,1.0
66,10-10-50-16-2.png,"(10, 10)",50,16,2,38.72042703367821,0.5267857142857143,1.0,1.0,1.0
67,10-10-50-32-2.png,"(10, 10)",50,32,2,38.72759883924279,0.5079719387755102,1.0,1.0,1.0
68,10-10-60-4-2.png,"(10, 10)",60,4,2,39.27682875745398,0.6020408163265306,1.0,1.0,1.0
69,10-10-60-8-2.png,"(10, 10)",60,8,2,38.79219679586558,0.5369897959183674,1.0,1.0,1.0
70,10-10-60-16-2.png,"(10, 10)",60,16,2,38.723730009700816,0.5102040816326531,1.0,1.0,1.0
71,10-10-60-32-2.png,"(10, 10)",60,32,2,38.73195988499334,0.5055803571428571,1.0,1.0,1.0
72,10-10-70-4-2.png,"(10, 10)",70,4,2,39.25619254611467,0.5790816326530612,1.0,1.0,1.0
73,10-10-70-8-2.png,"(10, 10)",70,8,2,38.78704404675051,0.5293367346938775,1.0,1.0,1.0
74,10-10-70-16-2.png,"(10, 10)",70,16,2,38.73327151446343,0.5204081632653061,1.0,1.0,1.0
75,10-10-70-32-2.png,"(10, 10)",70,32,2,38.74496797093391,0.5028698979591837,1.0,1.0,1.0
76,10-10-80-4-2.png,"(10, 10)",80,4,2,39.13520805227016,0.6313775510204082,1.0,1.0,1.0
77,10-10-80-8-2.png,"(10, 10)",80,8,2,38.73100634228636,0.5338010204081632,1.0,1.0,1.0
78,10-10-80-16-2.png,"(10, 10)",80,16,2,38.72720090666379,0.5162627551020408,1.0,1.0,1.0
79,10-10-80-32-2.png,"(10, 10)",80,32,2,38.72896364626634,0.5047831632653061,1.0,1.0,1.0
80,10-10-90-4-2.png,"(10, 10)",90,4,2,39.10854900748735,0.5803571428571429,1.0,1.0,1.0
81,10-10-90-8-2.png,"(10, 10)",90,8,2,38.75322419502509,0.5357142857142857,1.0,1.0,1.0
82,10-10-90-16-2.png,"(10, 10)",90,16,2,38.741597488182,0.5143494897959183,1.0,1.0,1.0
83,10-10-90-32-2.png,"(10, 10)",90,32,2,38.729846946198045,0.49856505102040816,1.0,1.0,1.0
84,10-10-100-4-2.png,"(10, 10)",100,4,2,39.12454371531521,0.6033163265306123,1.0,1.0,1.0
85,10-10-100-8-2.png,"(10, 10)",100,8,2,38.763787998359234,0.5433673469387755,1.0,1.0,1.0
86,10-10-100-16-2.png,"(10, 10)",100,16,2,38.73563038451279,0.5197704081632653,1.0,1.0,1.0
87,10-10-100-32-2.png,"(10, 10)",100,32,2,38.70349912078452,0.5025510204081632,1.0,1.0,1.0
88,20-20-1-4-1.png,"(20, 20)",1,4,1,38.96093653715496,0.7916666666666666,1.0,1.0,1.0
89,20-20-1-8-1.png,"(20, 20)",1,8,1,38.06309321387535,0.68359375,1.0,1.0,1.0
90,20-20-1-16-1.png,"(20, 20)",1,16,1,37.960496941587806,0.5930989583333334,1.0,1.0,1.0
91,20-20-1-32-1.png,"(20, 20)",1,32,1,38.449778901411314,0.5237630208333334,1.0,1.0,1.0
92,20-20-10-4-1.png,"(20, 20)",10,4,1,36.84590451253376,0.6979166666666666,1.0,1.0,1.0
93,20-20-10-8-1.png,"(20, 20)",10,8,1,36.264654205121055,0.55859375,1.0,1.0,1.0
94,20-20-10-16-1.png,"(20, 20)",10,16,1,36.22111418030699,0.5234375,1.0,1.0,1.0
95,20-20-10-32-1.png,"(20, 20)",10,32,1,36.41675179718944,0.5152994791666666,1.0,1.0,1.0
96,20-20-20-4-1.png,"(20, 20)",20,4,1,36.64963968515463,0.6666666666666666,1.0,1.0,1.0
97,20-20-20-8-1.png,"(20, 20)",20,8,1,36.11803180298016,0.5091145833333334,1.0,1.0,1.0
98,20-20-20-16-1.png,"(20, 20)",20,16,1,36.17929668182588,0.5221354166666666,1.0,1.0,1.0
99,20-20-20-32-1.png,"(20, 20)",20,32,1,36.25149378584692,0.5139973958333334,1.0,1.0,1.0
100,20-20-30-4-1.png,"(20, 20)",30,4,1,36.67697551757856,0.6875,1.0,1.0,1.0
101,20-20-30-8-1.png,"(20, 20)",30,8,1,36.13242171113534,0.5325520833333334,1.0,1.0,1.0
102,20-20-30-16-1.png,"(20, 20)",30,16,1,36.170042971759415,0.5234375,1.0,1.0,1.0
103,20-20-30-32-1.png,"(20, 20)",30,32,1,36.33269755241376,0.5107421875,1.0,1.0,1.0
104,20-20-40-4-1.png,"(20, 20)",40,4,1,36.55827701673668,0.671875,1.0,1.0,1.0
105,20-20-40-8-1.png,"(20, 20)",40,8,1,36.09398512744539,0.5182291666666666,1.0,1.0,1.0
106,20-20-40-16-1.png,"(20, 20)",40,16,1,36.15742047714524,0.5071614583333334,1.0,1.0,1.0
107,20-20-40-32-1.png,"(20, 20)",40,32,1,36.22817034436429,0.5091145833333334,1.0,1.0,1.0
108,20-20-50-4-1.png,"(20, 20)",50,4,1,36.48853250546835,0.6484375,1.0,1.0,1.0
109,20-20-50-8-1.png,"(20, 20)",50,8,1,36.06607098829024,0.52734375,1.0,1.0,1.0
110,20-20-50-16-1.png,"(20, 20)",50,16,1,36.11839537846109,0.5123697916666666,1.0,1.0,1.0
111,20-20-50-32-1.png,"(20, 20)",50,32,1,36.17246954945331,0.509765625,1.0,1.0,1.0
112,20-20-60-4-1.png,"(20, 20)",60,4,1,36.502845515817455,0.6458333333333334,1.0,1.0,1.0
113,20-20-60-8-1.png,"(20, 20)",60,8,1,36.09421699114806,0.5104166666666666,1.0,1.0,1.0
114,20-20-60-16-1.png,"(20, 20)",60,16,1,36.14516263201396,0.50390625,1.0,1.0,1.0
115,20-20-60-32-1.png,"(20, 20)",60,32,1,36.22132383322105,0.5094401041666666,1.0,1.0,1.0
116,20-20-70-4-1.png,"(20, 20)",70,4,1,36.525281203271824,0.6380208333333334,1.0,1.0,1.0
117,20-20-70-8-1.png,"(20, 20)",70,8,1,36.09647831121634,0.50390625,1.0,1.0,1.0
118,20-20-70-16-1.png,"(20, 20)",70,16,1,36.115880481726975,0.5221354166666666,1.0,1.0,1.0
119,20-20-70-32-1.png,"(20, 20)",70,32,1,36.19230650969836,0.5016276041666666,1.0,1.0,1.0
120,20-20-80-4-1.png,"(20, 20)",80,4,1,36.50702097679958,0.6302083333333334,1.0,1.0,1.0
121,20-20-80-8-1.png,"(20, 20)",80,8,1,36.07053782269104,0.4947916666666667,1.0,1.0,1.0
122,20-20-80-16-1.png,"(20, 20)",80,16,1,36.12892786070065,0.4967447916666667,1.0,1.0,1.0
123,20-20-80-32-1.png,"(20, 20)",80,32,1,36.150168119640384,0.51171875,1.0,1.0,1.0
124,20-20-90-4-1.png,"(20, 20)",90,4,1,36.49062695568391,0.6458333333333334,1.0,1.0,1.0
125,20-20-90-8-1.png,"(20, 20)",90,8,1,36.06973076582955,0.5221354166666666,1.0,1.0,1.0
126,20-20-90-16-1.png,"(20, 20)",90,16,1,36.09753472214428,0.5078125,1.0,1.0,1.0
127,20-20-90-32-1.png,"(20, 20)",90,32,1,36.19482713491037,0.5026041666666666,1.0,1.0,1.0
128,20-20-100-4-1.png,"(20, 20)",100,4,1,36.48831113531395,0.65625,1.0,1.0,1.0
129,20-20-100-8-1.png,"(20, 20)",100,8,1,36.04357306055793,0.5143229166666666,1.0,1.0,1.0
130,20-20-100-16-1.png,"(20, 20)",100,16,1,36.12836840427632,0.4889322916666667,1.0,1.0,1.0
131,20-20-100-32-1.png,"(20, 20)",100,32,1,36.15878083909256,0.5107421875,1.0,1.0,1.0
132,20-20-1-4-3.png,"(20, 20)",1,4,3,46.564690277022606,0.7682291666666666,1.0,1.0,1.0
133,20-20-1-8-3.png,"(20, 20)",1,8,3,39.9983528541532,0.8619791666666666,1.0,1.0,1.0
134,20-20-1-16-3.png,"(20, 20)",1,16,3,38.296514677811416,0.798828125,1.0,1.0,1.0
135,20-20-1-32-3.png,"(20, 20)",1,32,3,37.3243757017358,0.6585286458333334,1.0,1.0,1.0
136,20-20-10-4-3.png,"(20, 20)",10,4,3,39.19138262609612,0.84375,1.0,1.0,1.0
137,20-20-10-8-3.png,"(20, 20)",10,8,3,36.834648764313805,0.6848958333333334,1.0,1.0,1.0
138,20-20-10-16-3.png,"(20, 20)",10,16,3,36.23191738254078,0.5553385416666666,1.0,1.0,1.0
139,20-20-10-32-3.png,"(20, 20)",10,32,3,36.04100913089437,0.5260416666666666,1.0,1.0,1.0
140,20-20-20-4-3.png,"(20, 20)",20,4,3,38.12502728175554,0.8359375,1.0,1.0,1.0
141,20-20-20-8-3.png,"(20, 20)",20,8,3,36.42298273481835,0.62890625,1.0,1.0,1.0
142,20-20-20-16-3.png,"(20, 20)",20,16,3,36.033183512697306,0.5247395833333334,1.0,1.0,1.0
143,20-20-20-32-3.png,"(20, 20)",20,32,3,35.955407252477336,0.5084635416666666,1.0,1.0,1.0
144,20-20-30-4-3.png,"(20, 20)",30,4,3,37.62709009555762,0.7864583333333334,1.0,1.0,1.0
145,20-20-30-8-3.png,"(20, 20)",30,8,3,36.349099748734176,0.6067708333333334,1.0,1.0,1.0
146,20-20-30-16-3.png,"(20, 20)",30,16,3,36.03873000103478,0.52734375,1.0,1.0,1.0
147,20-20-30-32-3.png,"(20, 20)",30,32,3,35.96725117546678,0.5055338541666666,1.0,1.0,1.0
148,20-20-40-4-3.png,"(20, 20)",40,4,3,37.31651003405365,0.7864583333333334,1.0,1.0,1.0
149,20-20-40-8-3.png,"(20, 20)",40,8,3,36.229556790340105,0.6028645833333334,1.0,1.0,1.0
150,20-20-40-16-3.png,"(20, 20)",40,16,3,35.974534412584326,0.529296875,1.0,1.0,1.0
151,20-20-40-32-3.png,"(20, 20)",40,32,3,35.93656310527049,0.5123697916666666,1.0,1.0,1.0
152,20-20-50-4-3.png,"(20, 20)",50,4,3,37.098516113298274,0.7760416666666666,1.0,1.0,1.0
153,20-20-50-8-3.png,"(20, 20)",50,8,3,36.11317708998683,0.61328125,1.0,1.0,1.0
154,20-20-50-16-3.png,"(20, 20)",50,16,3,35.946375010180326,0.5390625,1.0,1.0,1.0
155,20-20-50-32-3.png,"(20, 20)",50,32,3,35.93429307301638,0.505859375,1.0,1.0,1.0
156,20-20-60-4-3.png,"(20, 20)",60,4,3,36.96676309351228,0.7578125,1.0,1.0,1.0
157,20-20-60-8-3.png,"(20, 20)",60,8,3,36.10398970088546,0.5963541666666666,1.0,1.0,1.0
158,20-20-60-16-3.png,"(20, 20)",60,16,3,35.960029661401805,0.529296875,1.0,1.0,1.0
159,20-20-60-32-3.png,"(20, 20)",60,32,3,35.93398474195261,0.5,1.0,1.0,1.0
160,20-20-70-4-3.png,"(20, 20)",70,4,3,36.87312176074237,0.7708333333333334,1.0,1.0,1.0
161,20-20-70-8-3.png,"(20, 20)",70,8,3,36.07806544237182,0.6041666666666666,1.0,1.0,1.0
162,20-20-70-16-3.png,"(20, 20)",70,16,3,35.92514290111993,0.537109375,1.0,1.0,1.0
163,20-20-70-32-3.png,"(20, 20)",70,32,3,35.926261960764414,0.5133463541666666,1.0,1.0,1.0
164,20-20-80-4-3.png,"(20, 20)",80,4,3,36.81411705279984,0.7395833333333334,1.0,1.0,1.0
165,20-20-80-8-3.png,"(20, 20)",80,8,3,36.00875100842676,0.6015625,1.0,1.0,1.0
166,20-20-80-16-3.png,"(20, 20)",80,16,3,35.91221987392467,0.541015625,1.0,1.0,1.0
167,20-20-80-32-3.png,"(20, 20)",80,32,3,35.93043300608852,0.5052083333333334,1.0,1.0,1.0
168,20-20-90-4-3.png,"(20, 20)",90,4,3,36.70510914690548,0.7135416666666666,1.0,1.0,1.0
169,20-20-90-8-3.png,"(20, 20)",90,8,3,36.02974714447417,0.5520833333333334,1.0,1.0,1.0
170,20-20-90-16-3.png,"(20, 20)",90,16,3,35.91829785934763,0.5266927083333334,1.0,1.0,1.0
171,20-20-90-32-3.png,"(20, 20)",90,32,3,35.952001699625626,0.5078125,1.0,1.0,1.0
172,20-20-100-4-3.png,"(20, 20)",100,4,3,36.67660139899359,0.7161458333333334,1.0,1.0,1.0
173,20-20-100-8-3.png,"(20, 20)",100,8,3,36.02449197355049,0.5950520833333334,1.0,1.0,1.0
174,20-20-100-16-3.png,"(20, 20)",100,16,3,35.9230181436326,0.5455729166666666,1.0,1.0,1.0
175,20-20-100-32-3.png,"(20, 20)",100,32,3,35.91577412548937,0.5029296875,1.0,1.0,1.0
176,20-20-1-4-5.png,"(20, 20)",1,4,5,48.5217851548568,0.7291666666666666,1.0,1.0,1.0
177,20-20-1-8-5.png,"(20, 20)",1,8,5,48.03960482220838,0.8059895833333334,1.0,1.0,1.0
178,20-20-1-16-5.png,"(20, 20)",1,16,5,46.53019803922976,0.8717447916666666,1.0,1.0,1.0
179,20-20-1-32-5.png,"(20, 20)",1,32,5,45.00886919745183,0.814453125,1.0,1.0,1.0
180,20-20-10-4-5.png,"(20, 20)",10,4,5,40.46012401915533,0.875,1.0,1.0,1.0
181,20-20-10-8-5.png,"(20, 20)",10,8,5,39.51451096593963,0.9075520833333334,1.0,1.0,1.0
182,20-20-10-16-5.png,"(20, 20)",10,16,5,38.47632174754747,0.84765625,1.0,1.0,1.0
183,20-20-10-32-5.png,"(20, 20)",10,32,5,37.965494790308114,0.7574869791666666,1.0,1.0,1.0
184,20-20-20-4-5.png,"(20, 20)",20,4,5,39.06184582801486,0.8697916666666666,1.0,1.0,1.0
185,20-20-20-8-5.png,"(20, 20)",20,8,5,38.14330146043702,0.8541666666666666,1.0,1.0,1.0
186,20-20-20-16-5.png,"(20, 20)",20,16,5,37.4191236087469,0.7942708333333334,1.0,1.0,1.0
187,20-20-20-32-5.png,"(20, 20)",20,32,5,37.02560637096129,0.7057291666666666,1.0,1.0,1.0
188,20-20-30-4-5.png,"(20, 20)",30,4,5,38.39383861535992,0.8489583333333334,1.0,1.0,1.0
189,20-20-30-8-5.png,"(20, 20)",30,8,5,37.54099169032471,0.82421875,1.0,1.0,1.0
190,20-20-30-16-5.png,"(20, 20)",30,16,5,36.92794826744158,0.7584635416666666,1.0,1.0,1.0
191,20-20-30-32-5.png,"(20, 20)",30,32,5,36.62445274416661,0.6767578125,1.0,1.0,1.0
192,20-20-40-4-5.png,"(20, 20)",40,4,5,37.99414635290604,0.828125,1.0,1.0,1.0
193,20-20-40-8-5.png,"(20, 20)",40,8,5,37.15324263574742,0.8307291666666666,1.0,1.0,1.0
194,20-20-40-16-5.png,"(20, 20)",40,16,5,36.64602871644868,0.7044270833333334,1.0,1.0,1.0
195,20-20-40-32-5.png,"(20, 20)",40,32,5,36.39418669153735,0.6409505208333334,1.0,1.0,1.0
196,20-20-50-4-5.png,"(20, 20)",50,4,5,37.67055982825455,0.8307291666666666,1.0,1.0,1.0
197,20-20-50-8-5.png,"(20, 20)",50,8,5,36.88789727537015,0.7981770833333334,1.0,1.0,1.0
198,20-20-50-16-5.png,"(20, 20)",50,16,5,36.42578754256843,0.68359375,1.0,1.0,1.0
199,20-20-50-32-5.png,"(20, 20)",50,32,5,36.2546981992488,0.638671875,1.0,1.0,1.0
200,20-20-60-4-5.png,"(20, 20)",60,4,5,37.47127181564633,0.8046875,1.0,1.0,1.0
201,20-20-60-8-5.png,"(20, 20)",60,8,5,36.74845007256288,0.7864583333333334,1.0,1.0,1.0
202,20-20-60-16-5.png,"(20, 20)",60,16,5,36.33825630659451,0.671875,1.0,1.0,1.0
203,20-20-60-32-5.png,"(20, 20)",60,32,5,36.17941084776222,0.615234375,1.0,1.0,1.0
204,20-20-70-4-5.png,"(20, 20)",70,4,5,37.37816160037009,0.7916666666666666,1.0,1.0,1.0
205,20-20-70-8-5.png,"(20, 20)",70,8,5,36.58116862818859,0.7760416666666666,1.0,1.0,1.0
206,20-20-70-16-5.png,"(20, 20)",70,16,5,36.26575836238678,0.669921875,1.0,1.0,1.0
207,20-20-70-32-5.png,"(20, 20)",70,32,5,36.11869959576361,0.6194661458333334,1.0,1.0,1.0
208,20-20-80-4-5.png,"(20, 20)",80,4,5,37.18563953359946,0.8098958333333334,1.0,1.0,1.0
209,20-20-80-8-5.png,"(20, 20)",80,8,5,36.47647238330482,0.78515625,1.0,1.0,1.0
210,20-20-80-16-5.png,"(20, 20)",80,16,5,36.17912266767702,0.6399739583333334,1.0,1.0,1.0
211,20-20-80-32-5.png,"(20, 20)",80,32,5,36.09678752226938,0.5963541666666666,1.0,1.0,1.0
212,20-20-90-4-5.png,"(20, 20)",90,4,5,37.05562513205473,0.8151041666666666,1.0,1.0,1.0
213,20-20-90-8-5.png,"(20, 20)",90,8,5,36.39490764844504,0.7786458333333334,1.0,1.0,1.0
214,20-20-90-16-5.png,"(20, 20)",90,16,5,36.12457571534643,0.6373697916666666,1.0,1.0,1.0
215,20-20-90-32-5.png,"(20, 20)",90,32,5,36.05140380694384,0.5859375,1.0,1.0,1.0
216,20-20-100-4-5.png,"(20, 20)",100,4,5,37.00412543090249,0.7994791666666666,1.0,1.0,1.0
217,20-20-100-8-5.png,"(20, 20)",100,8,5,36.345328967220965,0.7786458333333334,1.0,1.0,1.0
218,20-20-100-16-5.png,"(20, 20)",100,16,5,36.10393741294514,0.6334635416666666,1.0,1.0,1.0
219,20-20-100-32-5.png,"(20, 20)",100,32,5,36.019166237911875,0.58984375,1.0,1.0,1.0
220,20-20-1-4-7.png,"(20, 20)",1,4,7,48.99296874851033,0.6744791666666666,1.0,1.0,1.0
221,20-20-1-8-7.png,"(20, 20)",1,8,7,48.78859408069787,0.7578125,1.0,1.0,1.0
222,20-20-1-16-7.png,"(20, 20)",1,16,7,48.134204017691175,0.751953125,1.0,1.0,1.0
223,20-20-1-32-7.png,"(20, 20)",1,32,7,46.94942225977239,0.7916666666666666,1.0,1.0,1.0
224,20-20-10-4-7.png,"(20, 20)",10,4,7,41.68320715708461,0.8619791666666666,1.0,1.0,1.0
225,20-20-10-8-7.png,"(20, 20)",10,8,7,40.60515883319066,0.93359375,1.0,1.0,1.0
226,20-20-10-16-7.png,"(20, 20)",10,16,7,39.564561808959645,0.8522135416666666,1.0,1.0,1.0
227,20-20-10-32-7.png,"(20, 20)",10,32,7,38.73977231866653,0.8079427083333334,1.0,1.0,1.0
228,20-20-20-4-7.png,"(20, 20)",20,4,7,39.72315709455928,0.8463541666666666,1.0,1.0,1.0
229,20-20-20-8-7.png,"(20, 20)",20,8,7,38.89809186725242,0.9114583333333334,1.0,1.0,1.0
230,20-20-20-16-7.png,"(20, 20)",20,16,7,38.18075745649664,0.8502604166666666,1.0,1.0,1.0
231,20-20-20-32-7.png,"(20, 20)",20,32,7,37.62628576220489,0.7428385416666666,1.0,1.0,1.0
232,20-20-30-4-7.png,"(20, 20)",30,4,7,38.960276918419176,0.8359375,1.0,1.0,1.0
233,20-20-30-8-7.png,"(20, 20)",30,8,7,38.11962305910892,0.8958333333333334,1.0,1.0,1.0
234,20-20-30-16-7.png,"(20, 20)",30,16,7,37.55382161424055,0.8248697916666666,1.0,1.0,1.0
235,20-20-30-32-7.png,"(20, 20)",30,32,7,37.11919200729277,0.7216796875,1.0,1.0,1.0
236,20-20-40-4-7.png,"(20, 20)",40,4,7,38.49248791570928,0.8385416666666666,1.0,1.0,1.0
237,20-20-40-8-7.png,"(20, 20)",40,8,7,37.68919819887845,0.86328125,1.0,1.0,1.0
238,20-20-40-16-7.png,"(20, 20)",40,16,7,37.17615301520712,0.8092447916666666,1.0,1.0,1.0
239,20-20-40-32-7.png,"(20, 20)",40,32,7,36.78496104462029,0.6901041666666666,1.0,1.0,1.0
240,20-20-50-4-7.png,"(20, 20)",50,4,7,38.21285997272173,0.8177083333333334,1.0,1.0,1.0
241,20-20-50-8-7.png,"(20, 20)",50,8,7,37.3630636093602,0.8736979166666666,1.0,1.0,1.0
242,20-20-50-16-7.png,"(20, 20)",50,16,7,36.91053231386129,0.7955729166666666,1.0,1.0,1.0
243,20-20-50-32-7.png,"(20, 20)",50,32,7,36.57870357952679,0.6595052083333334,1.0,1.0,1.0
244,20-20-60-4-7.png,"(20, 20)",60,4,7,37.99704214669212,0.8177083333333334,1.0,1.0,1.0
245,20-20-60-8-7.png,"(20, 20)",60,8,7,37.18836816035096,0.8411458333333334,1.0,1.0,1.0
246,20-20-60-16-7.png,"(20, 20)",60,16,7,36.71786229703703,0.775390625,1.0,1.0,1.0
247,20-20-60-32-7.png,"(20, 20)",60,32,7,36.45755699308646,0.6572265625,1.0,1.0,1.0
248,20-20-70-4-7.png,"(20, 20)",70,4,7,37.82128543074197,0.7838541666666666,1.0,1.0,1.0
249,20-20-70-8-7.png,"(20, 20)",70,8,7,37.03540464630259,0.8216145833333334,1.0,1.0,1.0
250,20-20-70-16-7.png,"(20, 20)",70,16,7,36.58201818671981,0.7610677083333334,1.0,1.0,1.0
251,20-20-70-32-7.png,"(20, 20)",70,32,7,36.36155824695611,0.6477864583333334,1.0,1.0,1.0
252,20-20-80-4-7.png,"(20, 20)",80,4,7,37.6943063967226,0.7994791666666666,1.0,1.0,1.0
253,20-20-80-8-7.png,"(20, 20)",80,8,7,36.86812504147176,0.8151041666666666,1.0,1.0,1.0
254,20-20-80-16-7.png,"(20, 20)",80,16,7,36.50629232161911,0.7376302083333334,1.0,1.0,1.0
255,20-20-80-32-7.png,"(20, 20)",80,32,7,36.27859319219481,0.6344401041666666,1.0,1.0,1.0
256,20-20-90-4-7.png,"(20, 20)",90,4,7,37.54353724446783,0.7942708333333334,1.0,1.0,1.0
257,20-20-90-8-7.png,"(20, 20)",90,8,7,36.767666360113424,0.8020833333333334,1.0,1.0,1.0
258,20-20-90-16-7.png,"(20, 20)",90,16,7,36.42481630724276,0.7233072916666666,1.0,1.0,1.0
259,20-20-90-32-7.png,"(20, 20)",90,32,7,36.20839131845396,0.6266276041666666,1.0,1.0,1.0
260,20-20-100-4-7.png,"(20, 20)",100,4,7,37.41611792532756,0.7916666666666666,1.0,1.0,1.0
261,20-20-100-8-7.png,"(20, 20)",100,8,7,36.65253507296662,0.8098958333333334,1.0,1.0,1.0
262,20-20-100-16-7.png,"(20, 20)",100,16,7,36.341156852036754,0.70703125,1.0,1.0,1.0
263,20-20-100-32-7.png,"(20, 20)",100,32,7,36.185352355815496,0.61328125,1.0,1.0,1.0
264,50-50-1-4-1.png,"(50, 50)",1,4,1,34.79692527988354,0.7916666666666666,1.0,1.0,1.0
265,50-50-1-8-1.png,"(50, 50)",1,8,1,34.48862370960538,0.6840277777777778,1.0,1.0,1.0
266,50-50-1-16-1.png,"(50, 50)",1,16,1,34.21257400045408,0.5798611111111112,1.0,1.0,1.0
267,50-50-1-32-1.png,"(50, 50)",1,32,1,34.56806905244689,0.5607638888888888,1.0,1.0,1.0
268,50-50-10-4-1.png,"(50, 50)",10,4,1,32.570864796626616,0.6319444444444444,1.0,1.0,1.0
269,50-50-10-8-1.png,"(50, 50)",10,8,1,32.51172447913193,0.5902777777777778,1.0,1.0,1.0
270,50-50-10-16-1.png,"(50, 50)",10,16,1,32.54556376717791,0.5572916666666666,1.0,1.0,1.0
271,50-50-10-32-1.png,"(50, 50)",10,32,1,32.91068393693236,0.5373263888888888,1.0,1.0,1.0
272,50-50-20-4-1.png,"(50, 50)",20,4,1,32.383113808277216,0.6041666666666666,1.0,1.0,1.0
273,50-50-20-8-1.png,"(50, 50)",20,8,1,32.37882813725093,0.5590277777777778,1.0,1.0,1.0
274,50-50-20-16-1.png,"(50, 50)",20,16,1,32.44624519774178,0.515625,1.0,1.0,1.0
275,50-50-20-32-1.png,"(50, 50)",20,32,1,32.663896512387275,0.5234375,1.0,1.0,1.0
276,50-50-30-4-1.png,"(50, 50)",30,4,1,32.434359852451834,0.6111111111111112,1.0,1.0,1.0
277,50-50-30-8-1.png,"(50, 50)",30,8,1,32.47580809736715,0.5520833333333334,1.0,1.0,1.0
278,50-50-30-16-1.png,"(50, 50)",30,16,1,32.495868559363906,0.515625,1.0,1.0,1.0
279,50-50-30-32-1.png,"(50, 50)",30,32,1,32.5597557501765,0.5538194444444444,1.0,1.0,1.0
280,50-50-40-4-1.png,"(50, 50)",40,4,1,32.39768819082382,0.6111111111111112,1.0,1.0,1.0
281,50-50-40-8-1.png,"(50, 50)",40,8,1,32.426661250901915,0.5034722222222222,1.0,1.0,1.0
282,50-50-40-16-1.png,"(50, 50)",40,16,1,32.43593666394275,0.5243055555555556,1.0,1.0,1.0
283,50-50-40-32-1.png,"(50, 50)",40,32,1,32.57026556842956,0.5451388888888888,1.0,1.0,1.0
284,50-50-50-4-1.png,"(50, 50)",50,4,1,32.35394910404198,0.5694444444444444,1.0,1.0,1.0
285,50-50-50-8-1.png,"(50, 50)",50,8,1,32.34459180033555,0.5590277777777778,1.0,1.0,1.0
286,50-50-50-16-1.png,"(50, 50)",50,16,1,32.40435781373959,0.5104166666666666,1.0,1.0,1.0
287,50-50-50-32-1.png,"(50, 50)",50,32,1,32.50126206732405,0.5373263888888888,1.0,1.0,1.0
288,50-50-60-4-1.png,"(50, 50)",60,4,1,32.41022200310715,0.5555555555555556,1.0,1.0,1.0
289,50-50-60-8-1.png,"(50, 50)",60,8,1,32.42253276782219,0.5694444444444444,1.0,1.0,1.0
290,50-50-60-16-1.png,"(50, 50)",60,16,1,32.473943942504384,0.5416666666666666,1.0,1.0,1.0
291,50-50-60-32-1.png,"(50, 50)",60,32,1,32.444893391731696,0.5147569444444444,1.0,1.0,1.0
292,50-50-70-4-1.png,"(50, 50)",70,4,1,32.43808227778523,0.5972222222222222,1.0,1.0,1.0
293,50-50-70-8-1.png,"(50, 50)",70,8,1,32.469327150224544,0.5659722222222222,1.0,1.0,1.0
294,50-50-70-16-1.png,"(50, 50)",70,16,1,32.43479538023272,0.53125,1.0,1.0,1.0
295,50-50-70-32-1.png,"(50, 50)",70,32,1,32.42097403233437,0.5373263888888888,1.0,1.0,1.0
296,50-50-80-4-1.png,"(50, 50)",80,4,1,32.43351325651304,0.6041666666666666,1.0,1.0,1.0
297,50-50-80-8-1.png,"(50, 50)",80,8,1,32.38269499275872,0.5069444444444444,1.0,1.0,1.0
298,50-50-80-16-1.png,"(50, 50)",80,16,1,32.41405606406431,0.5329861111111112,1.0,1.0,1.0
299,50-50-80-32-1.png,"(50, 50)",80,32,1,32.446179505631605,0.5329861111111112,1.0,1.0,1.0
300,50-50-90-4-1.png,"(50, 50)",90,4,1,32.4338510640657,0.6111111111111112,1.0,1.0,1.0
301,50-50-90-8-1.png,"(50, 50)",90,8,1,32.41738960187321,0.5659722222222222,1.0,1.0,1.0
302,50-50-90-16-1.png,"(50, 50)",90,16,1,32.41520573138213,0.5277777777777778,1.0,1.0,1.0
303,50-50-90-32-1.png,"(50, 50)",90,32,1,32.42928789197503,0.5381944444444444,1.0,1.0,1.0
304,50-50-100-4-1.png,"(50, 50)",100,4,1,32.40615079825752,0.5416666666666666,1.0,1.0,1.0
305,50-50-100-8-1.png,"(50, 50)",100,8,1,32.403656594374056,0.53125,1.0,1.0,1.0
306,50-50-100-16-1.png,"(50, 50)",100,16,1,32.417971054722074,0.5277777777777778,1.0,1.0,1.0
307,50-50-100-32-1.png,"(50, 50)",100,32,1,32.42828620422238,0.5269097222222222,1.0,1.0,1.0
308,50-50-1-4-6.png,"(50, 50)",1,4,6,46.244679448412136,0.7361111111111112,1.0,1.0,1.0
309,50-50-1-8-6.png,"(50, 50)",1,8,6,45.85498711760735,0.8333333333333334,1.0,1.0,1.0
310,50-50-1-16-6.png,"(50, 50)",1,16,6,44.44903597991811,0.921875,1.0,1.0,1.0
311,50-50-1-32-6.png,"(50, 50)",1,32,6,42.27846952820363,0.8532986111111112,1.0,1.0,1.0
312,50-50-10-4-6.png,"(50, 50)",10,4,6,36.09632317023648,0.9097222222222222,1.0,1.0,1.0
313,50-50-10-8-6.png,"(50, 50)",10,8,6,35.40616170140654,0.9131944444444444,1.0,1.0,1.0
314,50-50-10-16-6.png,"(50, 50)",10,16,6,34.3497771090756,0.8888888888888888,1.0,1.0,1.0
315,50-50-10-32-6.png,"(50, 50)",10,32,6,33.667449380207245,0.7769097222222222,1.0,1.0,1.0
316,50-50-20-4-6.png,"(50, 50)",20,4,6,34.4095128398111,0.9097222222222222,1.0,1.0,1.0
317,50-50-20-8-6.png,"(50, 50)",20,8,6,33.864998347861125,0.8993055555555556,1.0,1.0,1.0
318,50-50-20-16-6.png,"(50, 50)",20,16,6,33.29178052004365,0.8368055555555556,1.0,1.0,1.0
319,50-50-20-32-6.png,"(50, 50)",20,32,6,32.88909446484408,0.6996527777777778,1.0,1.0,1.0
320,50-50-30-4-6.png,"(50, 50)",30,4,6,33.70235478055544,0.8541666666666666,1.0,1.0,1.0
321,50-50-30-8-6.png,"(50, 50)",30,8,6,33.35672971412288,0.8923611111111112,1.0,1.0,1.0
322,50-50-30-16-6.png,"(50, 50)",30,16,6,32.91407952861103,0.796875,1.0,1.0,1.0
323,50-50-30-32-6.png,"(50, 50)",30,32,6,32.648913418464744,0.6380208333333334,1.0,1.0,1.0
324,50-50-40-4-6.png,"(50, 50)",40,4,6,33.382395894613886,0.8611111111111112,1.0,1.0,1.0
325,50-50-40-8-6.png,"(50, 50)",40,8,6,33.07810805168605,0.8576388888888888,1.0,1.0,1.0
326,50-50-40-16-6.png,"(50, 50)",40,16,6,32.71535728741986,0.7517361111111112,1.0,1.0,1.0
327,50-50-40-32-6.png,"(50, 50)",40,32,6,32.52112595026509,0.6380208333333334,1.0,1.0,1.0
328,50-50-50-4-6.png,"(50, 50)",50,4,6,33.14663034314856,0.8541666666666666,1.0,1.0,1.0
329,50-50-50-8-6.png,"(50, 50)",50,8,6,32.903609961606215,0.7881944444444444,1.0,1.0,1.0
330,50-50-50-16-6.png,"(50, 50)",50,16,6,32.603442687377935,0.7048611111111112,1.0,1.0,1.0
331,50-50-50-32-6.png,"(50, 50)",50,32,6,32.47406184548767,0.6171875,1.0,1.0,1.0
332,50-50-60-4-6.png,"(50, 50)",60,4,6,33.026897402996255,0.8611111111111112,1.0,1.0,1.0
333,50-50-60-8-6.png,"(50, 50)",60,8,6,32.778594313100335,0.78125,1.0,1.0,1.0
334,50-50-60-16-6.png,"(50, 50)",60,16,6,32.544501463668645,0.6788194444444444,1.0,1.0,1.0
335,50-50-60-32-6.png,"(50, 50)",60,32,6,32.41580739390348,0.6006944444444444,1.0,1.0,1.0
336,50-50-70-4-6.png,"(50, 50)",70,4,6,32.882843613110786,0.8333333333333334,1.0,1.0,1.0
337,50-50-70-8-6.png,"(50, 50)",70,8,6,32.69274991062857,0.7152777777777778,1.0,1.0,1.0
338,50-50-70-16-6.png,"(50, 50)",70,16,6,32.48453964778987,0.6770833333333334,1.0,1.0,1.0
339,50-50-70-32-6.png,"(50, 50)",70,32,6,32.38083123716691,0.5824652777777778,1.0,1.0,1.0
340,50-50-80-4-6.png,"(50, 50)",80,4,6,32.77930979121804,0.7986111111111112,1.0,1.0,1.0
341,50-50-80-8-6.png,"(50, 50)",80,8,6,32.647448223449054,0.7291666666666666,1.0,1.0,1.0
342,50-50-80-16-6.png,"(50, 50)",80,16,6,32.452878018600586,0.6423611111111112,1.0,1.0,1.0
343,50-50-80-32-6.png,"(50, 50)",80,32,6,32.36011848195523,0.5703125,1.0,1.0,1.0
344,50-50-90-4-6.png,"(50, 50)",90,4,6,32.71518838494511,0.7847222222222222,1.0,1.0,1.0
345,50-50-90-8-6.png,"(50, 50)",90,8,6,32.60312499594239,0.7291666666666666,1.0,1.0,1.0
346,50-50-90-16-6.png,"(50, 50)",90,16,6,32.41837556930822,0.6875,1.0,1.0,1.0
347,50-50-90-32-6.png,"(50, 50)",90,32,6,32.35113945874185,0.5494791666666666,1.0,1.0,1.0
348,50-50-100-4-6.png,"(50, 50)",100,4,6,32.62702782954796,0.8055555555555556,1.0,1.0,1.0
349,50-50-100-8-6.png,"(50, 50)",100,8,6,32.54064325926494,0.7465277777777778,1.0,1.0,1.0
350,50-50-100-16-6.png,"(50, 50)",100,16,6,32.39086741347861,0.6319444444444444,1.0,1.0,1.0
351,50-50-100-32-6.png,"(50, 50)",100,32,6,32.35631762842132,0.5538194444444444,1.0,1.0,1.0
352,50-50-1-4-11.png,"(50, 50)",1,4,11,47.415159708403216,0.6944444444444444,1.0,1.0,1.0
353,50-50-1-8-11.png,"(50, 50)",1,8,11,47.2747110768871,0.7256944444444444,1.0,1.0,1.0
354,50-50-1-16-11.png,"(50, 50)",1,16,11,46.9829818316625,0.8628472222222222,1.0,1.0,1.0
355,50-50-1-32-11.png,"(50, 50)",1,32,11,46.3324717372182,0.8385416666666666,1.0,1.0,1.0
356,50-50-10-4-11.png,"(50, 50)",10,4,11,38.73662555313828,0.9166666666666666,1.0,1.0,1.0
357,50-50-10-8-11.png,"(50, 50)",10,8,11,37.76558881516988,0.9479166666666666,1.0,1.0,1.0
358,50-50-10-16-11.png,"(50, 50)",10,16,11,36.88846186817132,0.9392361111111112,1.0,1.0,1.0
359,50-50-10-32-11.png,"(50, 50)",10,32,11,35.71325050778616,0.9166666666666666,1.0,1.0,1.0
360,50-50-20-4-11.png,"(50, 50)",20,4,11,35.97554041818,0.8888888888888888,1.0,1.0,1.0
361,50-50-20-8-11.png,"(50, 50)",20,8,11,35.45426090377208,0.9513888888888888,1.0,1.0,1.0
362,50-50-20-16-11.png,"(50, 50)",20,16,11,34.78866717609143,0.9270833333333334,1.0,1.0,1.0
363,50-50-20-32-11.png,"(50, 50)",20,32,11,34.08419895045717,0.8715277777777778,1.0,1.0,1.0
364,50-50-30-4-11.png,"(50, 50)",30,4,11,34.79497277222434,0.9097222222222222,1.0,1.0,1.0
365,50-50-30-8-11.png,"(50, 50)",30,8,11,34.45583177317562,0.9305555555555556,1.0,1.0,1.0
366,50-50-30-16-11.png,"(50, 50)",30,16,11,33.96975625152195,0.9288194444444444,1.0,1.0,1.0
367,50-50-30-32-11.png,"(50, 50)",30,32,11,33.447239113521675,0.8463541666666666,1.0,1.0,1.0
368,50-50-40-4-11.png,"(50, 50)",40,4,11,34.12963758025616,0.8958333333333334,1.0,1.0,1.0
369,50-50-40-8-11.png,"(50, 50)",40,8,11,33.93258058711406,0.9166666666666666,1.0,1.0,1.0
370,50-50-40-16-11.png,"(50, 50)",40,16,11,33.504306449695,0.8888888888888888,1.0,1.0,1.0
371,50-50-40-32-11.png,"(50, 50)",40,32,11,33.132483543588,0.8255208333333334,1.0,1.0,1.0
372,50-50-50-4-11.png,"(50, 50)",50,4,11,33.84328356771174,0.8958333333333334,1.0,1.0,1.0
373,50-50-50-8-11.png,"(50, 50)",50,8,11,33.610795830710835,0.8993055555555556,1.0,1.0,1.0
374,50-50-50-16-11.png,"(50, 50)",50,16,11,33.24288762347952,0.8628472222222222,1.0,1.0,1.0
375,50-50-50-32-11.png,"(50, 50)",50,32,11,32.925013418755164,0.8038194444444444,1.0,1.0,1.0
376,50-50-60-4-11.png,"(50, 50)",60,4,11,33.595699134943715,0.8888888888888888,1.0,1.0,1.0
377,50-50-60-8-11.png,"(50, 50)",60,8,11,33.38638244671654,0.9097222222222222,1.0,1.0,1.0
378,50-50-60-16-11.png,"(50, 50)",60,16,11,33.05209869069771,0.8559027777777778,1.0,1.0,1.0
379,50-50-60-32-11.png,"(50, 50)",60,32,11,32.80289966219419,0.7760416666666666,1.0,1.0,1.0
380,50-50-70-4-11.png,"(50, 50)",70,4,11,33.38063964200946,0.8680555555555556,1.0,1.0,1.0
381,50-50-70-8-11.png,"(50, 50)",70,8,11,33.24972794353275,0.9027777777777778,1.0,1.0,1.0
382,50-50-70-16-11.png,"(50, 50)",70,16,11,32.943821788380305,0.8125,1.0,1.0,1.0
383,50-50-70-32-11.png,"(50, 50)",70,32,11,32.707392077968336,0.7170138888888888,1.0,1.0,1.0
384,50-50-80-4-11.png,"(50, 50)",80,4,11,33.21619024226157,0.8680555555555556,1.0,1.0,1.0
385,50-50-80-8-11.png,"(50, 50)",80,8,11,33.12020623712184,0.8784722222222222,1.0,1.0,1.0
386,50-50-80-16-11.png,"(50, 50)",80,16,11,32.81913055437536,0.8194444444444444,1.0,1.0,1.0
387,50-50-80-32-11.png,"(50, 50)",80,32,11,32.630749294475834,0.7057291666666666,1.0,1.0,1.0
388,50-50-90-4-11.png,"(50, 50)",90,4,11,33.107778657708614,0.8680555555555556,1.0,1.0,1.0
389,50-50-90-8-11.png,"(50, 50)",90,8,11,33.02875788636324,0.8368055555555556,1.0,1.0,1.0
390,50-50-90-16-11.png,"(50, 50)",90,16,11,32.75052065973825,0.7777777777777778,1.0,1.0,1.0
391,50-50-90-32-11.png,"(50, 50)",90,32,11,32.56749535373105,0.6762152777777778,1.0,1.0,1.0
392,50-50-100-4-11.png,"(50, 50)",100,4,11,33.019082391842986,0.8541666666666666,1.0,1.0,1.0
393,50-50-100-8-11.png,"(50, 50)",100,8,11,32.93139876211454,0.8090277777777778,1.0,1.0,1.0
394,50-50-100-16-11.png,"(50, 50)",100,16,11,32.68874108781859,0.7413194444444444,1.0,1.0,1.0
395,50-50-100-32-11.png,"(50, 50)",100,32,11,32.54224043372708,0.65625,1.0,1.0,1.0
396,50-50-1-4-16.png,"(50, 50)",1,4,16,47.633012201193466,0.5763888888888888,1.0,1.0,1.0
397,50-50-1-8-16.png,"(50, 50)",1,8,16,47.60822599299955,0.7222222222222222,1.0,1.0,1.0
398,50-50-1-16-16.png,"(50, 50)",1,16,16,47.48997424524368,0.7621527777777778,1.0,1.0,1.0
399,50-50-1-32-16.png,"(50, 50)",1,32,16,47.26693951234929,0.7838541666666666,1.0,1.0,1.0
400,50-50-10-4-16.png,"(50, 50)",10,4,16,41.21476849877012,0.8819444444444444,1.0,1.0,1.0
401,50-50-10-8-16.png,"(50, 50)",10,8,16,40.66100109540152,0.9548611111111112,1.0,1.0,1.0
402,50-50-10-16-16.png,"(50, 50)",10,16,16,39.374651753065,0.9236111111111112,1.0,1.0,1.0
403,50-50-10-32-16.png,"(50, 50)",10,32,16,37.86095904224113,0.9366319444444444,1.0,1.0,1.0
404,50-50-20-4-16.png,"(50, 50)",20,4,16,37.82974658229053,0.8888888888888888,1.0,1.0,1.0
405,50-50-20-8-16.png,"(50, 50)",20,8,16,37.206290763093456,0.9236111111111112,1.0,1.0,1.0
406,50-50-20-16-16.png,"(50, 50)",20,16,16,36.327785852130646,0.9461805555555556,1.0,1.0,1.0
407,50-50-20-32-16.png,"(50, 50)",20,32,16,35.431507250446415,0.9201388888888888,1.0,1.0,1.0
408,50-50-30-4-16.png,"(50, 50)",30,4,16,36.33832912238347,0.9097222222222222,1.0,1.0,1.0
409,50-50-30-8-16.png,"(50, 50)",30,8,16,35.87008287290668,0.9340277777777778,1.0,1.0,1.0
410,50-50-30-16-16.png,"(50, 50)",30,16,16,35.1694009204646,0.9375,1.0,1.0,1.0
411,50-50-30-32-16.png,"(50, 50)",30,32,16,34.55825399165403,0.9045138888888888,1.0,1.0,1.0
412,50-50-40-4-16.png,"(50, 50)",40,4,16,35.44307031612624,0.9305555555555556,1.0,1.0,1.0
413,50-50-40-8-16.png,"(50, 50)",40,8,16,35.10682323066988,0.9409722222222222,1.0,1.0,1.0
414,50-50-40-16-16.png,"(50, 50)",40,16,16,34.546378385508085,0.9357638888888888,1.0,1.0,1.0
415,50-50-40-32-16.png,"(50, 50)",40,32,16,34.04636664235671,0.8932291666666666,1.0,1.0,1.0
416,50-50-50-4-16.png,"(50, 50)",50,4,16,34.892757138617135,0.9166666666666666,1.0,1.0,1.0
417,50-50-50-8-16.png,"(50, 50)",50,8,16,34.59375529066146,0.9270833333333334,1.0,1.0,1.0
418,50-50-50-16-16.png,"(50, 50)",50,16,16,34.14659998715828,0.9253472222222222,1.0,1.0,1.0
419,50-50-50-32-16.png,"(50, 50)",50,32,16,33.7211971201708,0.8697916666666666,1.0,1.0,1.0
420,50-50-60-4-16.png,"(50, 50)",60,4,16,34.488299550206484,0.9166666666666666,1.0,1.0,1.0
421,50-50-60-8-16.png,"(50, 50)",60,8,16,34.27669247887718,0.8993055555555556,1.0,1.0,1.0
422,50-50-60-16-16.png,"(50, 50)",60,16,16,33.870372620330585,0.9045138888888888,1.0,1.0,1.0
423,50-50-60-32-16.png,"(50, 50)",60,32,16,33.48299990161173,0.8515625,1.0,1.0,1.0
424,50-50-70-4-16.png,"(50, 50)",70,4,16,34.21651780242459,0.9097222222222222,1.0,1.0,1.0
425,50-50-70-8-16.png,"(50, 50)",70,8,16,34.0605240964173,0.9027777777777778,1.0,1.0,1.0
426,50-50-70-16-16.png,"(50, 50)",70,16,16,33.67635708398575,0.8871527777777778,1.0,1.0,1.0
427,50-50-70-32-16.png,"(50, 50)",70,32,16,33.30275584098502,0.8203125,1.0,1.0,1.0
428,50-50-80-4-16.png,"(50, 50)",80,4,16,34.053946102111155,0.8819444444444444,1.0,1.0,1.0
429,50-50-80-8-16.png,"(50, 50)",80,8,16,33.90353349831414,0.8819444444444444,1.0,1.0,1.0
430,50-50-80-16-16.png,"(50, 50)",80,16,16,33.518465532548234,0.890625,1.0,1.0,1.0
431,50-50-80-32-16.png,"(50, 50)",80,32,16,33.15216905480449,0.8003472222222222,1.0,1.0,1.0
432,50-50-90-4-16.png,"(50, 50)",90,4,16,33.888704733637155,0.8819444444444444,1.0,1.0,1.0
433,50-50-90-8-16.png,"(50, 50)",90,8,16,33.75113444380569,0.8784722222222222,1.0,1.0,1.0
434,50-50-90-16-16.png,"(50, 50)",90,16,16,33.38508082415332,0.8663194444444444,1.0,1.0,1.0
435,50-50-90-32-16.png,"(50, 50)",90,32,16,33.061798541303055,0.7838541666666666,1.0,1.0,1.0
436,50-50-100-4-16.png,"(50, 50)",100,4,16,33.71381309002868,0.8611111111111112,1.0,1.0,1.0
437,50-50-100-8-16.png,"(50, 50)",100,8,16,33.637333035508526,0.8784722222222222,1.0,1.0,1.0
438,50-50-100-16-16.png,"(50, 50)",100,16,16,33.27560270390351,0.8350694444444444,1.0,1.0,1.0
439,50-50-100-32-16.png,"(50, 50)",100,32,16,32.975606998152685,0.7638888888888888,1.0,1.0,1.0
440,50-50-1-4-21.png,"(50, 50)",1,4,21,47.74870979553846,0.7013888888888888,1.0,1.0,1.0
441,50-50-1-8-21.png,"(50, 50)",1,8,21,47.71458218283266,0.6388888888888888,1.0,1.0,1.0
442,50-50-1-16-21.png,"(50, 50)",1,16,21,47.68172311899847,0.7222222222222222,1.0,1.0,1.0
443,50-50-1-32-21.png,"(50, 50)",1,32,21,47.58216657207932,0.7569444444444444,1.0,1.0,1.0
444,50-50-10-4-21.png,"(50, 50)",10,4,21,43.12776175788486,0.9097222222222222,1.0,1.0,1.0
445,50-50-10-8-21.png,"(50, 50)",10,8,21,42.71781585320589,0.8923611111111112,1.0,1.0,1.0
446,50-50-10-16-21.png,"(50, 50)",10,16,21,41.893965797902965,0.9496527777777778,1.0,1.0,1.0
447,50-50-10-32-21.png,"(50, 50)",10,32,21,40.4438060947016,0.9392361111111112,1.0,1.0,1.0
448,50-50-20-4-21.png,"(50, 50)",20,4,21,39.37024101718197,0.9305555555555556,1.0,1.0,1.0
449,50-50-20-8-21.png,"(50, 50)",20,8,21,38.59139839318184,0.9131944444444444,1.0,1.0,1.0
450,50-50-20-16-21.png,"(50, 50)",20,16,21,38.0357088317644,0.9375,1.0,1.0,1.0
451,50-50-20-32-21.png,"(50, 50)",20,32,21,36.90951765436361,0.9262152777777778,1.0,1.0,1.0
452,50-50-30-4-21.png,"(50, 50)",30,4,21,37.40751235947703,0.9236111111111112,1.0,1.0,1.0
453,50-50-30-8-21.png,"(50, 50)",30,8,21,36.8803662454784,0.9166666666666666,1.0,1.0,1.0
454,50-50-30-16-21.png,"(50, 50)",30,16,21,36.42773144750048,0.9253472222222222,1.0,1.0,1.0
455,50-50-30-32-21.png,"(50, 50)",30,32,21,35.581931010225404,0.9131944444444444,1.0,1.0,1.0
456,50-50-40-4-21.png,"(50, 50)",40,4,21,36.34266040806045,0.9166666666666666,1.0,1.0,1.0
457,50-50-40-8-21.png,"(50, 50)",40,8,21,35.92030648600848,0.9201388888888888,1.0,1.0,1.0
458,50-50-40-16-21.png,"(50, 50)",40,16,21,35.54981100077644,0.9322916666666666,1.0,1.0,1.0
459,50-50-40-32-21.png,"(50, 50)",40,32,21,34.89070505747581,0.9149305555555556,1.0,1.0,1.0
460,50-50-50-4-21.png,"(50, 50)",50,4,21,35.57321461059462,0.9305555555555556,1.0,1.0,1.0
461,50-50-50-8-21.png,"(50, 50)",50,8,21,35.320509045619225,0.9131944444444444,1.0,1.0,1.0
462,50-50-50-16-21.png,"(50, 50)",50,16,21,35.00341634717428,0.9479166666666666,1.0,1.0,1.0
463,50-50-50-32-21.png,"(50, 50)",50,32,21,34.45010199890153,0.9045138888888888,1.0,1.0,1.0
464,50-50-60-4-21.png,"(50, 50)",60,4,21,35.135572857753566,0.9236111111111112,1.0,1.0,1.0
465,50-50-60-8-21.png,"(50, 50)",60,8,21,34.88811517793843,0.9166666666666666,1.0,1.0,1.0
466,50-50-60-16-21.png,"(50, 50)",60,16,21,34.607723722966064,0.9305555555555556,1.0,1.0,1.0
467,50-50-60-32-21.png,"(50, 50)",60,32,21,34.141120725221874,0.8975694444444444,1.0,1.0,1.0
468,50-50-70-4-21.png,"(50, 50)",70,4,21,34.80883260675368,0.9444444444444444,1.0,1.0,1.0
469,50-50-70-8-21.png,"(50, 50)",70,8,21,34.624413691801415,0.9444444444444444,1.0,1.0,1.0
470,50-50-70-16-21.png,"(50, 50)",70,16,21,34.3165914877059,0.9270833333333334,1.0,1.0,1.0
471,50-50-70-32-21.png,"(50, 50)",70,32,21,33.89172373247962,0.8871527777777778,1.0,1.0,1.0
472,50-50-80-4-21.png,"(50, 50)",80,4,21,34.437415573702786,0.9444444444444444,1.0,1.0,1.0
473,50-50-80-8-21.png,"(50, 50)",80,8,21,34.39695185698456,0.90625,1.0,1.0,1.0
474,50-50-80-16-21.png,"(50, 50)",80,16,21,34.06946961347582,0.9253472222222222,1.0,1.0,1.0
475,50-50-80-32-21.png,"(50, 50)",80,32,21,33.72051727903769,0.8819444444444444,1.0,1.0,1.0
476,50-50-90-4-21.png,"(50, 50)",90,4,21,34.2317305170202,0.9236111111111112,1.0,1.0,1.0
477,50-50-90-8-21.png,"(50, 50)",90,8,21,34.226234055900825,0.9097222222222222,1.0,1.0,1.0
478,50-50-90-16-21.png,"(50, 50)",90,16,21,33.89053394141513,0.9131944444444444,1.0,1.0,1.0
479,50-50-90-32-21.png,"(50, 50)",90,32,21,33.5505448987266,0.8793402777777778,1.0,1.0,1.0
480,50-50-100-4-21.png,"(50, 50)",100,4,21,34.07602018907865,0.9444444444444444,1.0,1.0,1.0
481,50-50-100-8-21.png,"(50, 50)",100,8,21,34.05114268371761,0.9131944444444444,1.0,1.0,1.0
482,50-50-100-16-21.png,"(50, 50)",100,16,21,33.73843906829082,0.9079861111111112,1.0,1.0,1.0
483,50-50-100-32-21.png,"(50, 50)",100,32,21,33.42020902945674,0.859375,1.0,1.0,1.0
484,100-100-1-4-1.png,"(100, 100)",1,4,1,32.299112514728215,0.796875,1.0,1.0,1.0
485,100-100-1-8-1.png,"(100, 100)",1,8,1,30.95681501650668,0.625,1.0,1.0,1.0
486,100-100-1-16-1.png,"(100, 100)",1,16,1,30.826499470336508,0.5546875,1.0,1.0,1.0
487,100-100-1-32-1.png,"(100, 100)",1,32,1,31.0865142407515,0.5390625,1.0,1.0,1.0
488,100-100-10-4-1.png,"(100, 100)",10,4,1,30.408309838929565,0.625,1.0,1.0,1.0
489,100-100-10-8-1.png,"(100, 100)",10,8,1,29.85988659650721,0.5,1.0,1.0,1.0
490,100-100-10-16-1.png,"(100, 100)",10,16,1,29.77046884977218,0.484375,1.0,1.0,1.0
491,100-100-10-32-1.png,"(100, 100)",10,32,1,29.80695146032101,0.48046875,1.0,1.0,1.0
492,100-100-20-4-1.png,"(100, 100)",20,4,1,30.37711728938334,0.625,1.0,1.0,1.0
493,100-100-20-8-1.png,"(100, 100)",20,8,1,29.82294266719536,0.5234375,1.0,1.0,1.0
494,100-100-20-16-1.png,"(100, 100)",20,16,1,29.803643731314686,0.51171875,1.0,1.0,1.0
495,100-100-20-32-1.png,"(100, 100)",20,32,1,29.8356892268597,0.484375,1.0,1.0,1.0
496,100-100-30-4-1.png,"(100, 100)",30,4,1,30.379603855062527,0.53125,1.0,1.0,1.0
497,100-100-30-8-1.png,"(100, 100)",30,8,1,29.81593429055893,0.5625,1.0,1.0,1.0
498,100-100-30-16-1.png,"(100, 100)",30,16,1,29.838280973446057,0.515625,1.0,1.0,1.0
499,100-100-30-32-1.png,"(100, 100)",30,32,1,29.806289917348007,0.51171875,1.0,1.0,1.0
500,100-100-40-4-1.png,"(100, 100)",40,4,1,30.358558019757737,0.53125,1.0,1.0,1.0
501,100-100-40-8-1.png,"(100, 100)",40,8,1,29.850340647017045,0.5,1.0,1.0,1.0
502,100-100-40-16-1.png,"(100, 100)",40,16,1,29.83743724447537,0.55078125,1.0,1.0,1.0
503,100-100-40-32-1.png,"(100, 100)",40,32,1,29.840748502157783,0.4765625,1.0,1.0,1.0
504,100-100-50-4-1.png,"(100, 100)",50,4,1,30.412173116855943,0.546875,1.0,1.0,1.0
505,100-100-50-8-1.png,"(100, 100)",50,8,1,29.820669713257608,0.5078125,1.0,1.0,1.0
506,100-100-50-16-1.png,"(100, 100)",50,16,1,29.82720861686052,0.53515625,1.0,1.0,1.0
507,100-100-50-32-1.png,"(100, 100)",50,32,1,29.8441262046946,0.51953125,1.0,1.0,1.0
508,100-100-60-4-1.png,"(100, 100)",60,4,1,30.43191075984502,0.515625,1.0,1.0,1.0
509,100-100-60-8-1.png,"(100, 100)",60,8,1,29.837839657440828,0.484375,1.0,1.0,1.0
510,100-100-60-16-1.png,"(100, 100)",60,16,1,29.820285463737907,0.50390625,1.0,1.0,1.0
511,100-100-60-32-1.png,"(100, 100)",60,32,1,29.78130263641528,0.486328125,1.0,1.0,1.0
512,100-100-70-4-1.png,"(100, 100)",70,4,1,30.4208809230514,0.546875,1.0,1.0,1.0
513,100-100-70-8-1.png,"(100, 100)",70,8,1,29.83303218489165,0.546875,1.0,1.0,1.0
514,100-100-70-16-1.png,"(100, 100)",70,16,1,29.82943259546996,0.5625,1.0,1.0,1.0
515,100-100-70-32-1.png,"(100, 100)",70,32,1,29.85355129488748,0.474609375,1.0,1.0,1.0
516,100-100-80-4-1.png,"(100, 100)",80,4,1,30.345573205739736,0.46875,1.0,1.0,1.0
517,100-100-80-8-1.png,"(100, 100)",80,8,1,29.82449355345672,0.5546875,1.0,1.0,1.0
518,100-100-80-16-1.png,"(100, 100)",80,16,1,29.86378388729202,0.53125,1.0,1.0,1.0
519,100-100-80-32-1.png,"(100, 100)",80,32,1,29.840156981098733,0.4921875,1.0,1.0,1.0
520,100-100-90-4-1.png,"(100, 100)",90,4,1,30.407863070636427,0.484375,1.0,1.0,1.0
521,100-100-90-8-1.png,"(100, 100)",90,8,1,29.818021500069094,0.5625,1.0,1.0,1.0
522,100-100-90-16-1.png,"(100, 100)",90,16,1,29.8161630517495,0.5390625,1.0,1.0,1.0
523,100-100-90-32-1.png,"(100, 100)",90,32,1,29.82510766490253,0.49609375,1.0,1.0,1.0
524,100-100-100-4-1.png,"(100, 100)",100,4,1,30.383972514997502,0.40625,1.0,1.0,1.0
525,100-100-100-8-1.png,"(100, 100)",100,8,1,29.808316173760197,0.515625,1.0,1.0,1.0
526,100-100-100-16-1.png,"(100, 100)",100,16,1,29.820479763115184,0.54296875,1.0,1.0,1.0
527,100-100-100-32-1.png,"(100, 100)",100,32,1,29.83288222453792,0.515625,1.0,1.0,1.0
528,100-100-1-4-11.png,"(100, 100)",1,4,11,45.2878681806405,0.765625,1.0,1.0,1.0
529,100-100-1-8-11.png,"(100, 100)",1,8,11,45.03847200785877,0.90625,1.0,1.0,1.0
530,100-100-1-16-11.png,"(100, 100)",1,16,11,44.4869898922303,0.8984375,1.0,1.0,1.0
531,100-100-1-32-11.png,"(100, 100)",1,32,11,43.08061414481689,0.880859375,1.0,1.0,1.0
532,100-100-10-4-11.png,"(100, 100)",10,4,11,34.58065717612398,0.84375,1.0,1.0,1.0
533,100-100-10-8-11.png,"(100, 100)",10,8,11,33.13413857332141,0.9609375,1.0,1.0,1.0
534,100-100-10-16-11.png,"(100, 100)",10,16,11,32.515643206015724,0.9140625,1.0,1.0,1.0
535,100-100-10-32-11.png,"(100, 100)",10,32,11,31.54697786773239,0.865234375,1.0,1.0,1.0
536,100-100-20-4-11.png,"(100, 100)",20,4,11,32.05065997861279,0.890625,1.0,1.0,1.0
537,100-100-20-8-11.png,"(100, 100)",20,8,11,31.208285653877,0.953125,1.0,1.0,1.0
538,100-100-20-16-11.png,"(100, 100)",20,16,11,30.849902120103664,0.87890625,1.0,1.0,1.0
539,100-100-20-32-11.png,"(100, 100)",20,32,11,30.41104261146402,0.828125,1.0,1.0,1.0
540,100-100-30-4-11.png,"(100, 100)",30,4,11,31.28479361594781,0.890625,1.0,1.0,1.0
541,100-100-30-8-11.png,"(100, 100)",30,8,11,30.549221917977714,0.953125,1.0,1.0,1.0
542,100-100-30-16-11.png,"(100, 100)",30,16,11,30.3499787922157,0.8671875,1.0,1.0,1.0
543,100-100-30-32-11.png,"(100, 100)",30,32,11,30.09131760041062,0.7578125,1.0,1.0,1.0
544,100-100-40-4-11.png,"(100, 100)",40,4,11,30.87824420201504,0.90625,1.0,1.0,1.0
545,100-100-40-8-11.png,"(100, 100)",40,8,11,30.249150736529057,0.9453125,1.0,1.0,1.0
546,100-100-40-16-11.png,"(100, 100)",40,16,11,30.14249507947451,0.81640625,1.0,1.0,1.0
547,100-100-40-32-11.png,"(100, 100)",40,32,11,29.960985055543556,0.69921875,1.0,1.0,1.0
548,100-100-50-4-11.png,"(100, 100)",50,4,11,30.75784517876356,0.875,1.0,1.0,1.0
549,100-100-50-8-11.png,"(100, 100)",50,8,11,30.09526736953678,0.90625,1.0,1.0,1.0
550,100-100-50-16-11.png,"(100, 100)",50,16,11,30.019805507437948,0.77734375,1.0,1.0,1.0
551,100-100-50-32-11.png,"(100, 100)",50,32,11,29.899018482168493,0.646484375,1.0,1.0,1.0
552,100-100-60-4-11.png,"(100, 100)",60,4,11,30.612519088086003,0.859375,1.0,1.0,1.0
553,100-100-60-8-11.png,"(100, 100)",60,8,11,29.995553605366435,0.8046875,1.0,1.0,1.0
554,100-100-60-16-11.png,"(100, 100)",60,16,11,29.943886272396067,0.73828125,1.0,1.0,1.0
555,100-100-60-32-11.png,"(100, 100)",60,32,11,29.86033860954713,0.62890625,1.0,1.0,1.0
556,100-100-70-4-11.png,"(100, 100)",70,4,11,30.524357705050196,0.8125,1.0,1.0,1.0
557,100-100-70-8-11.png,"(100, 100)",70,8,11,29.93308756777597,0.7578125,1.0,1.0,1.0
558,100-100-70-16-11.png,"(100, 100)",70,16,11,29.895941594201577,0.71484375,1.0,1.0,1.0
559,100-100-70-32-11.png,"(100, 100)",70,32,11,29.85008065607829,0.58203125,1.0,1.0,1.0
560,100-100-80-4-11.png,"(100, 100)",80,4,11,30.493188474186866,0.796875,1.0,1.0,1.0
561,100-100-80-8-11.png,"(100, 100)",80,8,11,29.87996940759774,0.734375,1.0,1.0,1.0
562,100-100-80-16-11.png,"(100, 100)",80,16,11,29.87213637224016,0.66796875,1.0,1.0,1.0
563,100-100-80-32-11.png,"(100, 100)",80,32,11,29.82842014637193,0.55859375,1.0,1.0,1.0
564,100-100-90-4-11.png,"(100, 100)",90,4,11,30.45776815230533,0.75,1.0,1.0,1.0
565,100-100-90-8-11.png,"(100, 100)",90,8,11,29.87421054739359,0.7421875,1.0,1.0,1.0
566,100-100-90-16-11.png,"(100, 100)",90,16,11,29.85362094949041,0.6328125,1.0,1.0,1.0
567,100-100-90-32-11.png,"(100, 100)",90,32,11,29.82805404138343,0.55078125,1.0,1.0,1.0
568,100-100-100-4-11.png,"(100, 100)",100,4,11,30.46479409799194,0.75,1.0,1.0,1.0
569,100-100-100-8-11.png,"(100, 100)",100,8,11,29.869734345275177,0.7265625,1.0,1.0,1.0
570,100-100-100-16-11.png,"(100, 100)",100,16,11,29.84437389689681,0.66015625,1.0,1.0,1.0
571,100-100-100-32-11.png,"(100, 100)",100,32,11,29.83288410972165,0.541015625,1.0,1.0,1.0
572,100-100-1-4-21.png,"(100, 100)",1,4,21,46.00309470761032,0.640625,1.0,1.0,1.0
573,100-100-1-8-21.png,"(100, 100)",1,8,21,45.88540737710975,0.8046875,1.0,1.0,1.0
574,100-100-1-16-21.png,"(100, 100)",1,16,21,45.76576688805112,0.828125,1.0,1.0,1.0
575,100-100-1-32-21.png,"(100, 100)",1,32,21,45.479036065093,0.888671875,1.0,1.0,1.0
576,100-100-10-4-21.png,"(100, 100)",10,4,21,38.0758788637654,0.859375,1.0,1.0,1.0
577,100-100-10-8-21.png,"(100, 100)",10,8,21,36.85622954853113,0.90625,1.0,1.0,1.0
578,100-100-10-16-21.png,"(100, 100)",10,16,21,36.28800522065495,0.93359375,1.0,1.0,1.0
579,100-100-10-32-21.png,"(100, 100)",10,32,21,34.905650746959495,0.912109375,1.0,1.0,1.0
580,100-100-20-4-21.png,"(100, 100)",20,4,21,34.28961573329583,0.921875,1.0,1.0,1.0
581,100-100-20-8-21.png,"(100, 100)",20,8,21,33.17054875208749,0.921875,1.0,1.0,1.0
582,100-100-20-16-21.png,"(100, 100)",20,16,21,33.0669752536294,0.91015625,1.0,1.0,1.0
583,100-100-20-32-21.png,"(100, 100)",20,32,21,32.21306095451332,0.892578125,1.0,1.0,1.0
584,100-100-30-4-21.png,"(100, 100)",30,4,21,32.94505588928656,0.9375,1.0,1.0,1.0
585,100-100-30-8-21.png,"(100, 100)",30,8,21,31.890487632194624,0.953125,1.0,1.0,1.0
586,100-100-30-16-21.png,"(100, 100)",30,16,21,31.84049775975705,0.84765625,1.0,1.0,1.0
587,100-100-30-32-21.png,"(100, 100)",30,32,21,31.237983003464844,0.861328125,1.0,1.0,1.0
588,100-100-40-4-21.png,"(100, 100)",40,4,21,32.06806751421889,0.9375,1.0,1.0,1.0
589,100-100-40-8-21.png,"(100, 100)",40,8,21,31.242897788313098,0.9375,1.0,1.0,1.0
590,100-100-40-16-21.png,"(100, 100)",40,16,21,31.19306491919909,0.85546875,1.0,1.0,1.0
591,100-100-40-32-21.png,"(100, 100)",40,32,21,30.732845612399263,0.873046875,1.0,1.0,1.0
592,100-100-50-4-21.png,"(100, 100)",50,4,21,31.61588651600338,0.953125,1.0,1.0,1.0
593,100-100-50-8-21.png,"(100, 100)",50,8,21,30.82786491658124,0.9296875,1.0,1.0,1.0
594,100-100-50-16-21.png,"(100, 100)",50,16,21,30.796052468951554,0.87109375,1.0,1.0,1.0
595,100-100-50-32-21.png,"(100, 100)",50,32,21,30.46288692634749,0.86328125,1.0,1.0,1.0
596,100-100-60-4-21.png,"(100, 100)",60,4,21,31.24098123989245,0.9375,1.0,1.0,1.0
597,100-100-60-8-21.png,"(100, 100)",60,8,21,30.553263436255264,0.9140625,1.0,1.0,1.0
598,100-100-60-16-21.png,"(100, 100)",60,16,21,30.54547423283847,0.85546875,1.0,1.0,1.0
599,100-100-60-32-21.png,"(100, 100)",60,32,21,30.27972523679275,0.861328125,1.0,1.0,1.0
600,100-100-70-4-21.png,"(100, 100)",70,4,21,30.977264721818493,0.9375,1.0,1.0,1.0
601,100-100-70-8-21.png,"(100, 100)",70,8,21,30.37101839580839,0.8984375,1.0,1.0,1.0
602,100-100-70-16-21.png,"(100, 100)",70,16,21,30.36059040243805,0.8671875,1.0,1.0,1.0
603,100-100-70-32-21.png,"(100, 100)",70,32,21,30.16741692874137,0.83984375,1.0,1.0,1.0
604,100-100-80-4-21.png,"(100, 100)",80,4,21,30.89857918599453,0.9375,1.0,1.0,1.0
605,100-100-80-8-21.png,"(100, 100)",80,8,21,30.234812150800007,0.90625,1.0,1.0,1.0
606,100-100-80-16-21.png,"(100, 100)",80,16,21,30.25299972391144,0.8359375,1.0,1.0,1.0
607,100-100-80-32-21.png,"(100, 100)",80,32,21,30.078033817797376,0.8359375,1.0,1.0,1.0
608,100-100-90-4-21.png,"(100, 100)",90,4,21,30.82708733313893,0.9375,1.0,1.0,1.0
609,100-100-90-8-21.png,"(100, 100)",90,8,21,30.158729558617207,0.890625,1.0,1.0,1.0
610,100-100-90-16-21.png,"(100, 100)",90,16,21,30.16948391480564,0.83203125,1.0,1.0,1.0
611,100-100-90-32-21.png,"(100, 100)",90,32,21,30.02674204615275,0.80078125,1.0,1.0,1.0
612,100-100-100-4-21.png,"(100, 100)",100,4,21,30.757995213267417,0.9375,1.0,1.0,1.0
613,100-100-100-8-21.png,"(100, 100)",100,8,21,30.09300867104774,0.8828125,1.0,1.0,1.0
614,100-100-100-16-21.png,"(100, 100)",100,16,21,30.10078892456237,0.7890625,1.0,1.0,1.0
615,100-100-100-32-21.png,"(100, 100)",100,32,21,29.969782695933315,0.763671875,1.0,1.0,1.0
616,100-100-1-4-31.png,"(100, 100)",1,4,31,46.21929040314864,0.59375,1.0,1.0,1.0
617,100-100-1-8-31.png,"(100, 100)",1,8,31,46.18180274143296,0.6875,1.0,1.0,1.0
618,100-100-1-16-31.png,"(100, 100)",1,16,31,46.13344924721368,0.77734375,1.0,1.0,1.0
619,100-100-1-32-31.png,"(100, 100)",1,32,31,46.00286765799038,0.8046875,1.0,1.0,1.0
620,100-100-10-4-31.png,"(100, 100)",10,4,31,41.23663282057278,0.875,1.0,1.0,1.0
621,100-100-10-8-31.png,"(100, 100)",10,8,31,40.27062844369431,0.921875,1.0,1.0,1.0
622,100-100-10-16-31.png,"(100, 100)",10,16,31,39.46061974312176,0.9453125,1.0,1.0,1.0
623,100-100-10-32-31.png,"(100, 100)",10,32,31,38.065284665866606,0.9140625,1.0,1.0,1.0
624,100-100-20-4-31.png,"(100, 100)",20,4,31,36.95602818788827,0.828125,1.0,1.0,1.0
625,100-100-20-8-31.png,"(100, 100)",20,8,31,35.58737726001466,0.90625,1.0,1.0,1.0
626,100-100-20-16-31.png,"(100, 100)",20,16,31,35.250765743103784,0.9296875,1.0,1.0,1.0
627,100-100-20-32-31.png,"(100, 100)",20,32,31,34.08965797234559,0.904296875,1.0,1.0,1.0
628,100-100-30-4-31.png,"(100, 100)",30,4,31,34.81497137767215,0.859375,1.0,1.0,1.0
629,100-100-30-8-31.png,"(100, 100)",30,8,31,33.42669771879244,0.921875,1.0,1.0,1.0
630,100-100-30-16-31.png,"(100, 100)",30,16,31,33.33602908729305,0.90625,1.0,1.0,1.0
631,100-100-30-32-31.png,"(100, 100)",30,32,31,32.507882896440904,0.896484375,1.0,1.0,1.0
632,100-100-40-4-31.png,"(100, 100)",40,4,31,33.581882643794465,0.859375,1.0,1.0,1.0
633,100-100-40-8-31.png,"(100, 100)",40,8,31,32.36163144134351,0.8984375,1.0,1.0,1.0
634,100-100-40-16-31.png,"(100, 100)",40,16,31,32.28496791238802,0.890625,1.0,1.0,1.0
635,100-100-40-32-31.png,"(100, 100)",40,32,31,31.762718802965807,0.880859375,1.0,1.0,1.0
636,100-100-50-4-31.png,"(100, 100)",50,4,31,32.81672725063571,0.875,1.0,1.0,1.0
637,100-100-50-8-31.png,"(100, 100)",50,8,31,31.74116202234544,0.9140625,1.0,1.0,1.0
638,100-100-50-16-31.png,"(100, 100)",50,16,31,31.69469722044032,0.91015625,1.0,1.0,1.0
639,100-100-50-32-31.png,"(100, 100)",50,32,31,31.315124880126834,0.890625,1.0,1.0,1.0
640,100-100-60-4-31.png,"(100, 100)",60,4,31,32.23011614710249,0.875,1.0,1.0,1.0
641,100-100-60-8-31.png,"(100, 100)",60,8,31,31.31495720296236,0.90625,1.0,1.0,1.0
642,100-100-60-16-31.png,"(100, 100)",60,16,31,31.294589442078827,0.87890625,1.0,1.0,1.0
643,100-100-60-32-31.png,"(100, 100)",60,32,31,31.020292427862582,0.88671875,1.0,1.0,1.0
644,100-100-70-4-31.png,"(100, 100)",70,4,31,31.790267629646777,0.875,1.0,1.0,1.0
645,100-100-70-8-31.png,"(100, 100)",70,8,31,31.017301656902525,0.9375,1.0,1.0,1.0
646,100-100-70-16-31.png,"(100, 100)",70,16,31,31.011197250728717,0.87890625,1.0,1.0,1.0
647,100-100-70-32-31.png,"(100, 100)",70,32,31,30.817642258667203,0.884765625,1.0,1.0,1.0
648,100-100-80-4-31.png,"(100, 100)",80,4,31,31.53269417898485,0.875,1.0,1.0,1.0
649,100-100-80-8-31.png,"(100, 100)",80,8,31,30.790831256145776,0.9453125,1.0,1.0,1.0
650,100-100-80-16-31.png,"(100, 100)",80,16,31,30.76729962659317,0.86328125,1.0,1.0,1.0
651,100-100-80-32-31.png,"(100, 100)",80,32,31,30.65092413913504,0.876953125,1.0,1.0,1.0
652,100-100-90-4-31.png,"(100, 100)",90,4,31,31.31695974672523,0.875,1.0,1.0,1.0
653,100-100-90-8-31.png,"(100, 100)",90,8,31,30.61435310097648,0.9296875,1.0,1.0,1.0
654,100-100-90-16-31.png,"(100, 100)",90,16,31,30.59301078906509,0.8671875,1.0,1.0,1.0
655,100-100-90-32-31.png,"(100, 100)",90,32,31,30.507643255249945,0.869140625,1.0,1.0,1.0
656,100-100-100-4-31.png,"(100, 100)",100,4,31,31.123687192185884,0.875,1.0,1.0,1.0
657,100-100-100-8-31.png,"(100, 100)",100,8,31,30.46915152030264,0.9453125,1.0,1.0,1.0
658,100-100-100-16-31.png,"(100, 100)",100,16,31,30.460195005987178,0.8828125,1.0,1.0,1.0
659,100-100-100-32-31.png,"(100, 100)",100,32,31,30.39946295783651,0.876953125,1.0,1.0,1.0
660,100-100-1-4-41.png,"(100, 100)",1,4,41,46.26243392781223,0.46875,1.0,1.0,1.0
661,100-100-1-8-41.png,"(100, 100)",1,8,41,46.27010083696949,0.5546875,1.0,1.0,1.0
662,100-100-1-16-41.png,"(100, 100)",1,16,41,46.24500952126554,0.6953125,1.0,1.0,1.0
663,100-100-1-32-41.png,"(100, 100)",1,32,41,46.17610974490452,0.75390625,1.0,1.0,1.0
664,100-100-10-4-41.png,"(100, 100)",10,4,41,42.5559609737445,0.84375,1.0,1.0,1.0
665,100-100-10-8-41.png,"(100, 100)",10,8,41,41.91158868261383,0.9296875,1.0,1.0,1.0
666,100-100-10-16-41.png,"(100, 100)",10,16,41,41.57107703763614,0.9375,1.0,1.0,1.0
667,100-100-10-32-41.png,"(100, 100)",10,32,41,40.18789499383019,0.9296875,1.0,1.0,1.0
668,100-100-20-4-41.png,"(100, 100)",20,4,41,38.37205017279876,0.84375,1.0,1.0,1.0
669,100-100-20-8-41.png,"(100, 100)",20,8,41,37.37680573598978,0.9375,1.0,1.0,1.0
670,100-100-20-16-41.png,"(100, 100)",20,16,41,37.230954124917474,0.921875,1.0,1.0,1.0
671,100-100-20-32-41.png,"(100, 100)",20,32,41,35.78364265263015,0.921875,1.0,1.0,1.0
672,100-100-30-4-41.png,"(100, 100)",30,4,41,36.118093003936565,0.859375,1.0,1.0,1.0
673,100-100-30-8-41.png,"(100, 100)",30,8,41,34.71119145867232,0.9296875,1.0,1.0,1.0
674,100-100-30-16-41.png,"(100, 100)",30,16,41,34.83839194819316,0.8984375,1.0,1.0,1.0
675,100-100-30-32-41.png,"(100, 100)",30,32,41,33.75549684905372,0.90234375,1.0,1.0,1.0
676,100-100-40-4-41.png,"(100, 100)",40,4,41,34.598072874427615,0.875,1.0,1.0,1.0
677,100-100-40-8-41.png,"(100, 100)",40,8,41,33.219998446324425,0.8984375,1.0,1.0,1.0
678,100-100-40-16-41.png,"(100, 100)",40,16,41,33.44147079126864,0.890625,1.0,1.0,1.0
679,100-100-40-32-41.png,"(100, 100)",40,32,41,32.68764814384601,0.90234375,1.0,1.0,1.0
680,100-100-50-4-41.png,"(100, 100)",50,4,41,33.65168180881645,0.90625,1.0,1.0,1.0
681,100-100-50-8-41.png,"(100, 100)",50,8,41,32.386873240705484,0.921875,1.0,1.0,1.0
682,100-100-50-16-41.png,"(100, 100)",50,16,41,32.546177362233955,0.87890625,1.0,1.0,1.0
683,100-100-50-32-41.png,"(100, 100)",50,32,41,32.05780510373007,0.90234375,1.0,1.0,1.0
684,100-100-60-4-41.png,"(100, 100)",60,4,41,33.0200265696896,0.90625,1.0,1.0,1.0
685,100-100-60-8-41.png,"(100, 100)",60,8,41,31.864585222693407,0.9296875,1.0,1.0,1.0
686,100-100-60-16-41.png,"(100, 100)",60,16,41,31.975829543791264,0.8671875,1.0,1.0,1.0
687,100-100-60-32-41.png,"(100, 100)",60,32,41,31.636944025289026,0.8828125,1.0,1.0,1.0
688,100-100-70-4-41.png,"(100, 100)",70,4,41,32.53025295500655,0.921875,1.0,1.0,1.0
689,100-100-70-8-41.png,"(100, 100)",70,8,41,31.479146525588728,0.9140625,1.0,1.0,1.0
690,100-100-70-16-41.png,"(100, 100)",70,16,41,31.61094636044861,0.8671875,1.0,1.0,1.0
691,100-100-70-32-41.png,"(100, 100)",70,32,41,31.35201481402554,0.865234375,1.0,1.0,1.0
692,100-100-80-4-41.png,"(100, 100)",80,4,41,32.08358443737366,0.921875,1.0,1.0,1.0
693,100-100-80-8-41.png,"(100, 100)",80,8,41,31.198595866154477,0.90625,1.0,1.0,1.0
694,100-100-80-16-41.png,"(100, 100)",80,16,41,31.335004575065252,0.8671875,1.0,1.0,1.0
695,100-100-80-32-41.png,"(100, 100)",80,32,41,31.14601908524073,0.8671875,1.0,1.0,1.0
696,100-100-90-4-41.png,"(100, 100)",90,4,41,31.794701127729414,0.921875,1.0,1.0,1.0
697,100-100-90-8-41.png,"(100, 100)",90,8,41,30.97048087502735,0.9140625,1.0,1.0,1.0
698,100-100-90-16-41.png,"(100, 100)",90,16,41,31.10308210417729,0.87109375,1.0,1.0,1.0
699,100-100-90-32-41.png,"(100, 100)",90,32,41,30.973022628912847,0.869140625,1.0,1.0,1.0
700,100-100-100-4-41.png,"(100, 100)",100,4,41,31.60314132137244,0.890625,1.0,1.0,1.0
701,100-100-100-8-41.png,"(100, 100)",100,8,41,30.789664207646283,0.9140625,1.0,1.0,1.0
702,100-100-100-16-41.png,"(100, 100)",100,16,41,30.930552545074875,0.859375,1.0,1.0,1.0
703,100-100-100-32-41.png,"(100, 100)",100,32,41,30.84069621788156,0.873046875,1.0,1.0,1.0
