,filename,outsideShape,factor,bitPerPart,radius,psnr
0,10-10-1-4-1.png,"(10, 10)",1,4,1,41.568958837532676
1,10-10-1-8-1.png,"(10, 10)",1,8,1,40.887052977180865
2,10-10-1-16-1.png,"(10, 10)",1,16,1,40.97633158747607
3,10-10-1-32-1.png,"(10, 10)",1,32,1,40.89606080520127
4,10-10-10-4-1.png,"(10, 10)",10,4,1,39.612262345725824
5,10-10-10-8-1.png,"(10, 10)",10,8,1,38.90140351103967
6,10-10-10-16-1.png,"(10, 10)",10,16,1,39.11054539954367
7,10-10-10-32-1.png,"(10, 10)",10,32,1,38.97950438486675
8,10-10-20-4-1.png,"(10, 10)",20,4,1,39.368964797363176
9,10-10-20-8-1.png,"(10, 10)",20,8,1,38.8291366215913
10,10-10-20-16-1.png,"(10, 10)",20,16,1,38.97132489050946
11,10-10-20-32-1.png,"(10, 10)",20,32,1,38.88425193642411
12,10-10-30-4-1.png,"(10, 10)",30,4,1,39.35400702421492
13,10-10-30-8-1.png,"(10, 10)",30,8,1,38.87774802746902
14,10-10-30-16-1.png,"(10, 10)",30,16,1,39.03228983466775
15,10-10-30-32-1.png,"(10, 10)",30,32,1,38.92249933236755
16,10-10-40-4-1.png,"(10, 10)",40,4,1,39.221738595204144
17,10-10-40-8-1.png,"(10, 10)",40,8,1,38.86083672329254
18,10-10-40-16-1.png,"(10, 10)",40,16,1,38.959250187440034
19,10-10-40-32-1.png,"(10, 10)",40,32,1,38.87999335603394
20,10-10-50-4-1.png,"(10, 10)",50,4,1,39.12947176901304
21,10-10-50-8-1.png,"(10, 10)",50,8,1,38.78797831215036
22,10-10-50-16-1.png,"(10, 10)",50,16,1,38.91323017081268
23,10-10-50-32-1.png,"(10, 10)",50,32,1,38.79536183156005
24,10-10-60-4-1.png,"(10, 10)",60,4,1,39.120874979409066
25,10-10-60-8-1.png,"(10, 10)",60,8,1,38.84195792688911
26,10-10-60-16-1.png,"(10, 10)",60,16,1,38.90113522297709
27,10-10-60-32-1.png,"(10, 10)",60,32,1,38.86401449236547
28,10-10-70-4-1.png,"(10, 10)",70,4,1,39.10401990515036
29,10-10-70-8-1.png,"(10, 10)",70,8,1,38.81011585302199
30,10-10-70-16-1.png,"(10, 10)",70,16,1,38.914250239412844
31,10-10-70-32-1.png,"(10, 10)",70,32,1,38.855107266839376
32,10-10-80-4-1.png,"(10, 10)",80,4,1,39.07959446980342
33,10-10-80-8-1.png,"(10, 10)",80,8,1,38.76261713997292
34,10-10-80-16-1.png,"(10, 10)",80,16,1,38.8767385582731
35,10-10-80-32-1.png,"(10, 10)",80,32,1,38.76959873100412
36,10-10-90-4-1.png,"(10, 10)",90,4,1,39.06674630726596
37,10-10-90-8-1.png,"(10, 10)",90,8,1,38.78667834365536
38,10-10-90-16-1.png,"(10, 10)",90,16,1,38.9122949139791
39,10-10-90-32-1.png,"(10, 10)",90,32,1,38.803135125079436
40,10-10-100-4-1.png,"(10, 10)",100,4,1,39.00761214668214
41,10-10-100-8-1.png,"(10, 10)",100,8,1,38.825138945254885
42,10-10-100-16-1.png,"(10, 10)",100,16,1,38.90418832406701
43,10-10-100-32-1.png,"(10, 10)",100,32,1,38.78473719809535
44,10-10-1-4-2.png,"(10, 10)",1,4,2,41.12981039096422
45,10-10-1-8-2.png,"(10, 10)",1,8,2,40.50685618922906
46,10-10-1-16-2.png,"(10, 10)",1,16,2,40.14780699028339
47,10-10-1-32-2.png,"(10, 10)",1,32,2,40.06507799308401
48,10-10-10-4-2.png,"(10, 10)",10,4,2,39.666441105828376
49,10-10-10-8-2.png,"(10, 10)",10,8,2,38.96254780197849
50,10-10-10-16-2.png,"(10, 10)",10,16,2,38.79281046522867
51,10-10-10-32-2.png,"(10, 10)",10,32,2,38.80943948052231
52,10-10-20-4-2.png,"(10, 10)",20,4,2,39.414038452099184
53,10-10-20-8-2.png,"(10, 10)",20,8,2,38.76333582741593
54,10-10-20-16-2.png,"(10, 10)",20,16,2,38.75412581211757
55,10-10-20-32-2.png,"(10, 10)",20,32,2,38.747237101926906
56,10-10-30-4-2.png,"(10, 10)",30,4,2,39.52702660596913
57,10-10-30-8-2.png,"(10, 10)",30,8,2,38.84310398084057
58,10-10-30-16-2.png,"(10, 10)",30,16,2,38.72502853215223
59,10-10-30-32-2.png,"(10, 10)",30,32,2,38.76304512311041
60,10-10-40-4-2.png,"(10, 10)",40,4,2,39.3516286173073
61,10-10-40-8-2.png,"(10, 10)",40,8,2,38.745818505944044
62,10-10-40-16-2.png,"(10, 10)",40,16,2,38.76604955952034
63,10-10-40-32-2.png,"(10, 10)",40,32,2,38.72632146549932
64,10-10-50-4-2.png,"(10, 10)",50,4,2,39.20356227831876
65,10-10-50-8-2.png,"(10, 10)",50,8,2,38.75964987874915
66,10-10-50-16-2.png,"(10, 10)",50,16,2,38.72042703367821
67,10-10-50-32-2.png,"(10, 10)",50,32,2,38.72759883924279
68,10-10-60-4-2.png,"(10, 10)",60,4,2,39.27682875745398
69,10-10-60-8-2.png,"(10, 10)",60,8,2,38.79219679586558
70,10-10-60-16-2.png,"(10, 10)",60,16,2,38.723730009700816
71,10-10-60-32-2.png,"(10, 10)",60,32,2,38.73195988499334
72,10-10-70-4-2.png,"(10, 10)",70,4,2,39.25619254611467
73,10-10-70-8-2.png,"(10, 10)",70,8,2,38.78704404675051
74,10-10-70-16-2.png,"(10, 10)",70,16,2,38.73327151446343
75,10-10-70-32-2.png,"(10, 10)",70,32,2,38.74496797093391
76,10-10-80-4-2.png,"(10, 10)",80,4,2,39.13520805227016
77,10-10-80-8-2.png,"(10, 10)",80,8,2,38.73100634228636
78,10-10-80-16-2.png,"(10, 10)",80,16,2,38.72720090666379
79,10-10-80-32-2.png,"(10, 10)",80,32,2,38.728963646266344
80,10-10-90-4-2.png,"(10, 10)",90,4,2,39.10854900748735
81,10-10-90-8-2.png,"(10, 10)",90,8,2,38.75322419502509
82,10-10-90-16-2.png,"(10, 10)",90,16,2,38.741597488181995
83,10-10-90-32-2.png,"(10, 10)",90,32,2,38.729846946198045
84,10-10-100-4-2.png,"(10, 10)",100,4,2,39.12454371531521
85,10-10-100-8-2.png,"(10, 10)",100,8,2,38.763787998359234
86,10-10-100-16-2.png,"(10, 10)",100,16,2,38.73563038451279
87,10-10-100-32-2.png,"(10, 10)",100,32,2,38.70349912078452
88,20-20-1-4-1.png,"(20, 20)",1,4,1,38.96093653715496
89,20-20-1-8-1.png,"(20, 20)",1,8,1,38.06309321387535
90,20-20-1-16-1.png,"(20, 20)",1,16,1,37.960496941587806
91,20-20-1-32-1.png,"(20, 20)",1,32,1,38.449778901411314
92,20-20-10-4-1.png,"(20, 20)",10,4,1,36.845904512533764
93,20-20-10-8-1.png,"(20, 20)",10,8,1,36.264654205121055
94,20-20-10-16-1.png,"(20, 20)",10,16,1,36.22111418030699
95,20-20-10-32-1.png,"(20, 20)",10,32,1,36.416751797189434
96,20-20-20-4-1.png,"(20, 20)",20,4,1,36.64963968515463
97,20-20-20-8-1.png,"(20, 20)",20,8,1,36.118031802980155
98,20-20-20-16-1.png,"(20, 20)",20,16,1,36.179296681825875
99,20-20-20-32-1.png,"(20, 20)",20,32,1,36.25149378584692
100,20-20-30-4-1.png,"(20, 20)",30,4,1,36.67697551757856
101,20-20-30-8-1.png,"(20, 20)",30,8,1,36.13242171113534
102,20-20-30-16-1.png,"(20, 20)",30,16,1,36.170042971759415
103,20-20-30-32-1.png,"(20, 20)",30,32,1,36.332697552413755
104,20-20-40-4-1.png,"(20, 20)",40,4,1,36.55827701673668
105,20-20-40-8-1.png,"(20, 20)",40,8,1,36.09398512744539
106,20-20-40-16-1.png,"(20, 20)",40,16,1,36.15742047714524
107,20-20-40-32-1.png,"(20, 20)",40,32,1,36.22817034436429
108,20-20-50-4-1.png,"(20, 20)",50,4,1,36.48853250546835
109,20-20-50-8-1.png,"(20, 20)",50,8,1,36.066070988290235
110,20-20-50-16-1.png,"(20, 20)",50,16,1,36.11839537846109
111,20-20-50-32-1.png,"(20, 20)",50,32,1,36.17246954945331
112,20-20-60-4-1.png,"(20, 20)",60,4,1,36.502845515817455
113,20-20-60-8-1.png,"(20, 20)",60,8,1,36.09421699114806
114,20-20-60-16-1.png,"(20, 20)",60,16,1,36.14516263201396
115,20-20-60-32-1.png,"(20, 20)",60,32,1,36.22132383322105
116,20-20-70-4-1.png,"(20, 20)",70,4,1,36.525281203271824
117,20-20-70-8-1.png,"(20, 20)",70,8,1,36.09647831121634
118,20-20-70-16-1.png,"(20, 20)",70,16,1,36.115880481726975
119,20-20-70-32-1.png,"(20, 20)",70,32,1,36.192306509698355
120,20-20-80-4-1.png,"(20, 20)",80,4,1,36.50702097679958
121,20-20-80-8-1.png,"(20, 20)",80,8,1,36.07053782269104
122,20-20-80-16-1.png,"(20, 20)",80,16,1,36.12892786070065
123,20-20-80-32-1.png,"(20, 20)",80,32,1,36.150168119640384
124,20-20-90-4-1.png,"(20, 20)",90,4,1,36.49062695568391
125,20-20-90-8-1.png,"(20, 20)",90,8,1,36.06973076582955
126,20-20-90-16-1.png,"(20, 20)",90,16,1,36.097534722144275
127,20-20-90-32-1.png,"(20, 20)",90,32,1,36.19482713491037
128,20-20-100-4-1.png,"(20, 20)",100,4,1,36.48831113531395
129,20-20-100-8-1.png,"(20, 20)",100,8,1,36.04357306055793
130,20-20-100-16-1.png,"(20, 20)",100,16,1,36.12836840427632
131,20-20-100-32-1.png,"(20, 20)",100,32,1,36.158780839092564
132,20-20-1-4-3.png,"(20, 20)",1,4,3,46.564690277022606
133,20-20-1-8-3.png,"(20, 20)",1,8,3,39.9983528541532
134,20-20-1-16-3.png,"(20, 20)",1,16,3,38.296514677811416
135,20-20-1-32-3.png,"(20, 20)",1,32,3,37.3243757017358
136,20-20-10-4-3.png,"(20, 20)",10,4,3,39.19138262609612
137,20-20-10-8-3.png,"(20, 20)",10,8,3,36.834648764313805
138,20-20-10-16-3.png,"(20, 20)",10,16,3,36.23191738254078
139,20-20-10-32-3.png,"(20, 20)",10,32,3,36.04100913089437
140,20-20-20-4-3.png,"(20, 20)",20,4,3,38.12502728175554
141,20-20-20-8-3.png,"(20, 20)",20,8,3,36.42298273481835
142,20-20-20-16-3.png,"(20, 20)",20,16,3,36.033183512697306
143,20-20-20-32-3.png,"(20, 20)",20,32,3,35.955407252477336
144,20-20-30-4-3.png,"(20, 20)",30,4,3,37.62709009555762
145,20-20-30-8-3.png,"(20, 20)",30,8,3,36.349099748734176
146,20-20-30-16-3.png,"(20, 20)",30,16,3,36.03873000103478
147,20-20-30-32-3.png,"(20, 20)",30,32,3,35.96725117546678
148,20-20-40-4-3.png,"(20, 20)",40,4,3,37.31651003405365
149,20-20-40-8-3.png,"(20, 20)",40,8,3,36.229556790340105
150,20-20-40-16-3.png,"(20, 20)",40,16,3,35.974534412584326
151,20-20-40-32-3.png,"(20, 20)",40,32,3,35.93656310527049
152,20-20-50-4-3.png,"(20, 20)",50,4,3,37.098516113298274
153,20-20-50-8-3.png,"(20, 20)",50,8,3,36.11317708998683
154,20-20-50-16-3.png,"(20, 20)",50,16,3,35.946375010180326
155,20-20-50-32-3.png,"(20, 20)",50,32,3,35.93429307301638
156,20-20-60-4-3.png,"(20, 20)",60,4,3,36.96676309351228
157,20-20-60-8-3.png,"(20, 20)",60,8,3,36.103989700885464
158,20-20-60-16-3.png,"(20, 20)",60,16,3,35.960029661401805
159,20-20-60-32-3.png,"(20, 20)",60,32,3,35.93398474195261
160,20-20-70-4-3.png,"(20, 20)",70,4,3,36.87312176074237
161,20-20-70-8-3.png,"(20, 20)",70,8,3,36.07806544237182
162,20-20-70-16-3.png,"(20, 20)",70,16,3,35.92514290111993
163,20-20-70-32-3.png,"(20, 20)",70,32,3,35.926261960764414
164,20-20-80-4-3.png,"(20, 20)",80,4,3,36.81411705279984
165,20-20-80-8-3.png,"(20, 20)",80,8,3,36.008751008426756
166,20-20-80-16-3.png,"(20, 20)",80,16,3,35.91221987392467
167,20-20-80-32-3.png,"(20, 20)",80,32,3,35.93043300608852
168,20-20-90-4-3.png,"(20, 20)",90,4,3,36.70510914690548
169,20-20-90-8-3.png,"(20, 20)",90,8,3,36.02974714447417
170,20-20-90-16-3.png,"(20, 20)",90,16,3,35.91829785934763
171,20-20-90-32-3.png,"(20, 20)",90,32,3,35.952001699625626
172,20-20-100-4-3.png,"(20, 20)",100,4,3,36.67660139899359
173,20-20-100-8-3.png,"(20, 20)",100,8,3,36.02449197355049
174,20-20-100-16-3.png,"(20, 20)",100,16,3,35.923018143632596
175,20-20-100-32-3.png,"(20, 20)",100,32,3,35.91577412548937
176,20-20-1-4-5.png,"(20, 20)",1,4,5,48.521785154856794
177,20-20-1-8-5.png,"(20, 20)",1,8,5,48.03960482220838
178,20-20-1-16-5.png,"(20, 20)",1,16,5,46.53019803922976
179,20-20-1-32-5.png,"(20, 20)",1,32,5,45.00886919745183
180,20-20-10-4-5.png,"(20, 20)",10,4,5,40.46012401915533
181,20-20-10-8-5.png,"(20, 20)",10,8,5,39.51451096593963
182,20-20-10-16-5.png,"(20, 20)",10,16,5,38.47632174754747
183,20-20-10-32-5.png,"(20, 20)",10,32,5,37.965494790308114
184,20-20-20-4-5.png,"(20, 20)",20,4,5,39.06184582801486
185,20-20-20-8-5.png,"(20, 20)",20,8,5,38.14330146043702
186,20-20-20-16-5.png,"(20, 20)",20,16,5,37.4191236087469
187,20-20-20-32-5.png,"(20, 20)",20,32,5,37.02560637096129
188,20-20-30-4-5.png,"(20, 20)",30,4,5,38.39383861535992
189,20-20-30-8-5.png,"(20, 20)",30,8,5,37.54099169032471
190,20-20-30-16-5.png,"(20, 20)",30,16,5,36.92794826744158
191,20-20-30-32-5.png,"(20, 20)",30,32,5,36.62445274416661
192,20-20-40-4-5.png,"(20, 20)",40,4,5,37.99414635290604
193,20-20-40-8-5.png,"(20, 20)",40,8,5,37.15324263574742
194,20-20-40-16-5.png,"(20, 20)",40,16,5,36.646028716448676
195,20-20-40-32-5.png,"(20, 20)",40,32,5,36.39418669153735
196,20-20-50-4-5.png,"(20, 20)",50,4,5,37.67055982825455
197,20-20-50-8-5.png,"(20, 20)",50,8,5,36.88789727537015
198,20-20-50-16-5.png,"(20, 20)",50,16,5,36.42578754256843
199,20-20-50-32-5.png,"(20, 20)",50,32,5,36.2546981992488
200,20-20-60-4-5.png,"(20, 20)",60,4,5,37.47127181564633
201,20-20-60-8-5.png,"(20, 20)",60,8,5,36.74845007256288
202,20-20-60-16-5.png,"(20, 20)",60,16,5,36.33825630659451
203,20-20-60-32-5.png,"(20, 20)",60,32,5,36.17941084776222
204,20-20-70-4-5.png,"(20, 20)",70,4,5,37.37816160037009
205,20-20-70-8-5.png,"(20, 20)",70,8,5,36.58116862818859
206,20-20-70-16-5.png,"(20, 20)",70,16,5,36.26575836238678
207,20-20-70-32-5.png,"(20, 20)",70,32,5,36.11869959576361
208,20-20-80-4-5.png,"(20, 20)",80,4,5,37.18563953359946
209,20-20-80-8-5.png,"(20, 20)",80,8,5,36.476472383304824
210,20-20-80-16-5.png,"(20, 20)",80,16,5,36.17912266767702
211,20-20-80-32-5.png,"(20, 20)",80,32,5,36.09678752226938
212,20-20-90-4-5.png,"(20, 20)",90,4,5,37.05562513205473
213,20-20-90-8-5.png,"(20, 20)",90,8,5,36.39490764844504
214,20-20-90-16-5.png,"(20, 20)",90,16,5,36.12457571534643
215,20-20-90-32-5.png,"(20, 20)",90,32,5,36.05140380694384
216,20-20-100-4-5.png,"(20, 20)",100,4,5,37.00412543090249
217,20-20-100-8-5.png,"(20, 20)",100,8,5,36.345328967220965
218,20-20-100-16-5.png,"(20, 20)",100,16,5,36.10393741294514
219,20-20-100-32-5.png,"(20, 20)",100,32,5,36.019166237911875
220,20-20-1-4-7.png,"(20, 20)",1,4,7,48.99296874851033
221,20-20-1-8-7.png,"(20, 20)",1,8,7,48.78859408069787
222,20-20-1-16-7.png,"(20, 20)",1,16,7,48.134204017691175
223,20-20-1-32-7.png,"(20, 20)",1,32,7,46.94942225977239
224,20-20-10-4-7.png,"(20, 20)",10,4,7,41.68320715708461
225,20-20-10-8-7.png,"(20, 20)",10,8,7,40.60515883319066
226,20-20-10-16-7.png,"(20, 20)",10,16,7,39.564561808959645
227,20-20-10-32-7.png,"(20, 20)",10,32,7,38.73977231866653
228,20-20-20-4-7.png,"(20, 20)",20,4,7,39.723157094559284
229,20-20-20-8-7.png,"(20, 20)",20,8,7,38.89809186725242
230,20-20-20-16-7.png,"(20, 20)",20,16,7,38.18075745649664
231,20-20-20-32-7.png,"(20, 20)",20,32,7,37.62628576220489
232,20-20-30-4-7.png,"(20, 20)",30,4,7,38.960276918419176
233,20-20-30-8-7.png,"(20, 20)",30,8,7,38.11962305910892
234,20-20-30-16-7.png,"(20, 20)",30,16,7,37.55382161424055
235,20-20-30-32-7.png,"(20, 20)",30,32,7,37.11919200729277
236,20-20-40-4-7.png,"(20, 20)",40,4,7,38.492487915709276
237,20-20-40-8-7.png,"(20, 20)",40,8,7,37.689198198878444
238,20-20-40-16-7.png,"(20, 20)",40,16,7,37.17615301520712
239,20-20-40-32-7.png,"(20, 20)",40,32,7,36.78496104462029
240,20-20-50-4-7.png,"(20, 20)",50,4,7,38.21285997272173
241,20-20-50-8-7.png,"(20, 20)",50,8,7,37.3630636093602
242,20-20-50-16-7.png,"(20, 20)",50,16,7,36.91053231386129
243,20-20-50-32-7.png,"(20, 20)",50,32,7,36.57870357952679
244,20-20-60-4-7.png,"(20, 20)",60,4,7,37.99704214669212
245,20-20-60-8-7.png,"(20, 20)",60,8,7,37.188368160350954
246,20-20-60-16-7.png,"(20, 20)",60,16,7,36.71786229703703
247,20-20-60-32-7.png,"(20, 20)",60,32,7,36.45755699308646
248,20-20-70-4-7.png,"(20, 20)",70,4,7,37.82128543074197
249,20-20-70-8-7.png,"(20, 20)",70,8,7,37.03540464630259
250,20-20-70-16-7.png,"(20, 20)",70,16,7,36.58201818671981
251,20-20-70-32-7.png,"(20, 20)",70,32,7,36.36155824695611
252,20-20-80-4-7.png,"(20, 20)",80,4,7,37.694306396722595
253,20-20-80-8-7.png,"(20, 20)",80,8,7,36.868125041471764
254,20-20-80-16-7.png,"(20, 20)",80,16,7,36.50629232161911
255,20-20-80-32-7.png,"(20, 20)",80,32,7,36.27859319219481
256,20-20-90-4-7.png,"(20, 20)",90,4,7,37.54353724446783
257,20-20-90-8-7.png,"(20, 20)",90,8,7,36.767666360113424
258,20-20-90-16-7.png,"(20, 20)",90,16,7,36.42481630724276
259,20-20-90-32-7.png,"(20, 20)",90,32,7,36.20839131845396
260,20-20-100-4-7.png,"(20, 20)",100,4,7,37.41611792532756
261,20-20-100-8-7.png,"(20, 20)",100,8,7,36.65253507296662
262,20-20-100-16-7.png,"(20, 20)",100,16,7,36.341156852036754
263,20-20-100-32-7.png,"(20, 20)",100,32,7,36.185352355815496
264,50-50-1-4-1.png,"(50, 50)",1,4,1,34.79692527988354
265,50-50-1-8-1.png,"(50, 50)",1,8,1,34.48862370960538
266,50-50-1-16-1.png,"(50, 50)",1,16,1,34.21257400045408
267,50-50-1-32-1.png,"(50, 50)",1,32,1,34.56806905244689
268,50-50-10-4-1.png,"(50, 50)",10,4,1,32.570864796626616
269,50-50-10-8-1.png,"(50, 50)",10,8,1,32.51172447913193
270,50-50-10-16-1.png,"(50, 50)",10,16,1,32.54556376717791
271,50-50-10-32-1.png,"(50, 50)",10,32,1,32.91068393693236
272,50-50-20-4-1.png,"(50, 50)",20,4,1,32.383113808277216
273,50-50-20-8-1.png,"(50, 50)",20,8,1,32.37882813725093
274,50-50-20-16-1.png,"(50, 50)",20,16,1,32.44624519774178
275,50-50-20-32-1.png,"(50, 50)",20,32,1,32.663896512387275
276,50-50-30-4-1.png,"(50, 50)",30,4,1,32.434359852451834
277,50-50-30-8-1.png,"(50, 50)",30,8,1,32.47580809736715
278,50-50-30-16-1.png,"(50, 50)",30,16,1,32.495868559363906
279,50-50-30-32-1.png,"(50, 50)",30,32,1,32.5597557501765
280,50-50-40-4-1.png,"(50, 50)",40,4,1,32.39768819082382
281,50-50-40-8-1.png,"(50, 50)",40,8,1,32.426661250901915
282,50-50-40-16-1.png,"(50, 50)",40,16,1,32.43593666394275
283,50-50-40-32-1.png,"(50, 50)",40,32,1,32.57026556842956
284,50-50-50-4-1.png,"(50, 50)",50,4,1,32.35394910404198
285,50-50-50-8-1.png,"(50, 50)",50,8,1,32.34459180033555
286,50-50-50-16-1.png,"(50, 50)",50,16,1,32.40435781373959
287,50-50-50-32-1.png,"(50, 50)",50,32,1,32.50126206732405
288,50-50-60-4-1.png,"(50, 50)",60,4,1,32.41022200310715
289,50-50-60-8-1.png,"(50, 50)",60,8,1,32.42253276782219
290,50-50-60-16-1.png,"(50, 50)",60,16,1,32.473943942504384
291,50-50-60-32-1.png,"(50, 50)",60,32,1,32.444893391731696
292,50-50-70-4-1.png,"(50, 50)",70,4,1,32.43808227778523
293,50-50-70-8-1.png,"(50, 50)",70,8,1,32.469327150224544
294,50-50-70-16-1.png,"(50, 50)",70,16,1,32.43479538023272
295,50-50-70-32-1.png,"(50, 50)",70,32,1,32.42097403233437
296,50-50-80-4-1.png,"(50, 50)",80,4,1,32.43351325651304
297,50-50-80-8-1.png,"(50, 50)",80,8,1,32.38269499275872
298,50-50-80-16-1.png,"(50, 50)",80,16,1,32.41405606406431
299,50-50-80-32-1.png,"(50, 50)",80,32,1,32.446179505631605
300,50-50-90-4-1.png,"(50, 50)",90,4,1,32.4338510640657
301,50-50-90-8-1.png,"(50, 50)",90,8,1,32.41738960187321
302,50-50-90-16-1.png,"(50, 50)",90,16,1,32.41520573138213
303,50-50-90-32-1.png,"(50, 50)",90,32,1,32.42928789197503
304,50-50-100-4-1.png,"(50, 50)",100,4,1,32.40615079825752
305,50-50-100-8-1.png,"(50, 50)",100,8,1,32.403656594374056
306,50-50-100-16-1.png,"(50, 50)",100,16,1,32.417971054722074
307,50-50-100-32-1.png,"(50, 50)",100,32,1,32.42828620422238
308,50-50-1-4-6.png,"(50, 50)",1,4,6,46.244679448412136
309,50-50-1-8-6.png,"(50, 50)",1,8,6,45.85498711760735
310,50-50-1-16-6.png,"(50, 50)",1,16,6,44.44903597991811
311,50-50-1-32-6.png,"(50, 50)",1,32,6,42.27846952820363
312,50-50-10-4-6.png,"(50, 50)",10,4,6,36.096323170236474
313,50-50-10-8-6.png,"(50, 50)",10,8,6,35.40616170140654
314,50-50-10-16-6.png,"(50, 50)",10,16,6,34.349777109075596
315,50-50-10-32-6.png,"(50, 50)",10,32,6,33.667449380207245
316,50-50-20-4-6.png,"(50, 50)",20,4,6,34.4095128398111
317,50-50-20-8-6.png,"(50, 50)",20,8,6,33.864998347861125
318,50-50-20-16-6.png,"(50, 50)",20,16,6,33.29178052004365
319,50-50-20-32-6.png,"(50, 50)",20,32,6,32.88909446484408
320,50-50-30-4-6.png,"(50, 50)",30,4,6,33.70235478055544
321,50-50-30-8-6.png,"(50, 50)",30,8,6,33.35672971412288
322,50-50-30-16-6.png,"(50, 50)",30,16,6,32.91407952861103
323,50-50-30-32-6.png,"(50, 50)",30,32,6,32.648913418464744
324,50-50-40-4-6.png,"(50, 50)",40,4,6,33.382395894613886
325,50-50-40-8-6.png,"(50, 50)",40,8,6,33.07810805168605
326,50-50-40-16-6.png,"(50, 50)",40,16,6,32.71535728741986
327,50-50-40-32-6.png,"(50, 50)",40,32,6,32.52112595026509
328,50-50-50-4-6.png,"(50, 50)",50,4,6,33.14663034314856
329,50-50-50-8-6.png,"(50, 50)",50,8,6,32.903609961606215
330,50-50-50-16-6.png,"(50, 50)",50,16,6,32.603442687377935
331,50-50-50-32-6.png,"(50, 50)",50,32,6,32.47406184548767
332,50-50-60-4-6.png,"(50, 50)",60,4,6,33.026897402996255
333,50-50-60-8-6.png,"(50, 50)",60,8,6,32.778594313100335
334,50-50-60-16-6.png,"(50, 50)",60,16,6,32.544501463668645
335,50-50-60-32-6.png,"(50, 50)",60,32,6,32.41580739390348
336,50-50-70-4-6.png,"(50, 50)",70,4,6,32.882843613110786
337,50-50-70-8-6.png,"(50, 50)",70,8,6,32.69274991062857
338,50-50-70-16-6.png,"(50, 50)",70,16,6,32.48453964778987
339,50-50-70-32-6.png,"(50, 50)",70,32,6,32.38083123716691
340,50-50-80-4-6.png,"(50, 50)",80,4,6,32.77930979121804
341,50-50-80-8-6.png,"(50, 50)",80,8,6,32.647448223449054
342,50-50-80-16-6.png,"(50, 50)",80,16,6,32.452878018600586
343,50-50-80-32-6.png,"(50, 50)",80,32,6,32.36011848195523
344,50-50-90-4-6.png,"(50, 50)",90,4,6,32.71518838494511
345,50-50-90-8-6.png,"(50, 50)",90,8,6,32.60312499594239
346,50-50-90-16-6.png,"(50, 50)",90,16,6,32.41837556930822
347,50-50-90-32-6.png,"(50, 50)",90,32,6,32.35113945874185
348,50-50-100-4-6.png,"(50, 50)",100,4,6,32.62702782954796
349,50-50-100-8-6.png,"(50, 50)",100,8,6,32.54064325926494
350,50-50-100-16-6.png,"(50, 50)",100,16,6,32.39086741347861
351,50-50-100-32-6.png,"(50, 50)",100,32,6,32.35631762842132
352,50-50-1-4-11.png,"(50, 50)",1,4,11,47.415159708403216
353,50-50-1-8-11.png,"(50, 50)",1,8,11,47.2747110768871
354,50-50-1-16-11.png,"(50, 50)",1,16,11,46.9829818316625
355,50-50-1-32-11.png,"(50, 50)",1,32,11,46.3324717372182
356,50-50-10-4-11.png,"(50, 50)",10,4,11,38.736625553138275
357,50-50-10-8-11.png,"(50, 50)",10,8,11,37.76558881516988
358,50-50-10-16-11.png,"(50, 50)",10,16,11,36.88846186817132
359,50-50-10-32-11.png,"(50, 50)",10,32,11,35.71325050778616
360,50-50-20-4-11.png,"(50, 50)",20,4,11,35.975540418179996
361,50-50-20-8-11.png,"(50, 50)",20,8,11,35.45426090377208
362,50-50-20-16-11.png,"(50, 50)",20,16,11,34.78866717609143
363,50-50-20-32-11.png,"(50, 50)",20,32,11,34.08419895045717
364,50-50-30-4-11.png,"(50, 50)",30,4,11,34.79497277222434
365,50-50-30-8-11.png,"(50, 50)",30,8,11,34.45583177317562
366,50-50-30-16-11.png,"(50, 50)",30,16,11,33.96975625152195
367,50-50-30-32-11.png,"(50, 50)",30,32,11,33.447239113521675
368,50-50-40-4-11.png,"(50, 50)",40,4,11,34.12963758025616
369,50-50-40-8-11.png,"(50, 50)",40,8,11,33.93258058711406
370,50-50-40-16-11.png,"(50, 50)",40,16,11,33.504306449695
371,50-50-40-32-11.png,"(50, 50)",40,32,11,33.132483543588
372,50-50-50-4-11.png,"(50, 50)",50,4,11,33.84328356771174
373,50-50-50-8-11.png,"(50, 50)",50,8,11,33.610795830710835
374,50-50-50-16-11.png,"(50, 50)",50,16,11,33.24288762347952
375,50-50-50-32-11.png,"(50, 50)",50,32,11,32.925013418755164
376,50-50-60-4-11.png,"(50, 50)",60,4,11,33.595699134943715
377,50-50-60-8-11.png,"(50, 50)",60,8,11,33.38638244671654
378,50-50-60-16-11.png,"(50, 50)",60,16,11,33.05209869069771
379,50-50-60-32-11.png,"(50, 50)",60,32,11,32.80289966219419
380,50-50-70-4-11.png,"(50, 50)",70,4,11,33.38063964200946
381,50-50-70-8-11.png,"(50, 50)",70,8,11,33.24972794353275
382,50-50-70-16-11.png,"(50, 50)",70,16,11,32.943821788380305
383,50-50-70-32-11.png,"(50, 50)",70,32,11,32.707392077968336
384,50-50-80-4-11.png,"(50, 50)",80,4,11,33.21619024226157
385,50-50-80-8-11.png,"(50, 50)",80,8,11,33.12020623712184
386,50-50-80-16-11.png,"(50, 50)",80,16,11,32.81913055437536
387,50-50-80-32-11.png,"(50, 50)",80,32,11,32.630749294475834
388,50-50-90-4-11.png,"(50, 50)",90,4,11,33.107778657708614
389,50-50-90-8-11.png,"(50, 50)",90,8,11,33.02875788636324
390,50-50-90-16-11.png,"(50, 50)",90,16,11,32.75052065973825
391,50-50-90-32-11.png,"(50, 50)",90,32,11,32.56749535373105
392,50-50-100-4-11.png,"(50, 50)",100,4,11,33.019082391842986
393,50-50-100-8-11.png,"(50, 50)",100,8,11,32.93139876211454
394,50-50-100-16-11.png,"(50, 50)",100,16,11,32.68874108781859
395,50-50-100-32-11.png,"(50, 50)",100,32,11,32.54224043372708
396,50-50-1-4-16.png,"(50, 50)",1,4,16,47.633012201193466
397,50-50-1-8-16.png,"(50, 50)",1,8,16,47.60822599299955
398,50-50-1-16-16.png,"(50, 50)",1,16,16,47.48997424524368
399,50-50-1-32-16.png,"(50, 50)",1,32,16,47.26693951234929
400,50-50-10-4-16.png,"(50, 50)",10,4,16,41.21476849877012
401,50-50-10-8-16.png,"(50, 50)",10,8,16,40.661001095401524
402,50-50-10-16-16.png,"(50, 50)",10,16,16,39.374651753065
403,50-50-10-32-16.png,"(50, 50)",10,32,16,37.86095904224113
404,50-50-20-4-16.png,"(50, 50)",20,4,16,37.82974658229053
405,50-50-20-8-16.png,"(50, 50)",20,8,16,37.206290763093456
406,50-50-20-16-16.png,"(50, 50)",20,16,16,36.327785852130646
407,50-50-20-32-16.png,"(50, 50)",20,32,16,35.431507250446415
408,50-50-30-4-16.png,"(50, 50)",30,4,16,36.33832912238347
409,50-50-30-8-16.png,"(50, 50)",30,8,16,35.87008287290668
410,50-50-30-16-16.png,"(50, 50)",30,16,16,35.1694009204646
411,50-50-30-32-16.png,"(50, 50)",30,32,16,34.55825399165403
412,50-50-40-4-16.png,"(50, 50)",40,4,16,35.44307031612624
413,50-50-40-8-16.png,"(50, 50)",40,8,16,35.10682323066988
414,50-50-40-16-16.png,"(50, 50)",40,16,16,34.546378385508085
415,50-50-40-32-16.png,"(50, 50)",40,32,16,34.04636664235671
416,50-50-50-4-16.png,"(50, 50)",50,4,16,34.892757138617135
417,50-50-50-8-16.png,"(50, 50)",50,8,16,34.59375529066146
418,50-50-50-16-16.png,"(50, 50)",50,16,16,34.14659998715828
419,50-50-50-32-16.png,"(50, 50)",50,32,16,33.7211971201708
420,50-50-60-4-16.png,"(50, 50)",60,4,16,34.488299550206484
421,50-50-60-8-16.png,"(50, 50)",60,8,16,34.27669247887718
422,50-50-60-16-16.png,"(50, 50)",60,16,16,33.870372620330585
423,50-50-60-32-16.png,"(50, 50)",60,32,16,33.48299990161173
424,50-50-70-4-16.png,"(50, 50)",70,4,16,34.21651780242459
425,50-50-70-8-16.png,"(50, 50)",70,8,16,34.0605240964173
426,50-50-70-16-16.png,"(50, 50)",70,16,16,33.67635708398575
427,50-50-70-32-16.png,"(50, 50)",70,32,16,33.30275584098502
428,50-50-80-4-16.png,"(50, 50)",80,4,16,34.053946102111155
429,50-50-80-8-16.png,"(50, 50)",80,8,16,33.90353349831414
430,50-50-80-16-16.png,"(50, 50)",80,16,16,33.518465532548234
431,50-50-80-32-16.png,"(50, 50)",80,32,16,33.15216905480449
432,50-50-90-4-16.png,"(50, 50)",90,4,16,33.888704733637155
433,50-50-90-8-16.png,"(50, 50)",90,8,16,33.75113444380569
434,50-50-90-16-16.png,"(50, 50)",90,16,16,33.38508082415332
435,50-50-90-32-16.png,"(50, 50)",90,32,16,33.061798541303055
436,50-50-100-4-16.png,"(50, 50)",100,4,16,33.71381309002868
437,50-50-100-8-16.png,"(50, 50)",100,8,16,33.637333035508526
438,50-50-100-16-16.png,"(50, 50)",100,16,16,33.27560270390351
439,50-50-100-32-16.png,"(50, 50)",100,32,16,32.975606998152685
440,50-50-1-4-21.png,"(50, 50)",1,4,21,47.74870979553846
441,50-50-1-8-21.png,"(50, 50)",1,8,21,47.71458218283266
442,50-50-1-16-21.png,"(50, 50)",1,16,21,47.68172311899847
443,50-50-1-32-21.png,"(50, 50)",1,32,21,47.582166572079316
444,50-50-10-4-21.png,"(50, 50)",10,4,21,43.12776175788486
445,50-50-10-8-21.png,"(50, 50)",10,8,21,42.71781585320589
446,50-50-10-16-21.png,"(50, 50)",10,16,21,41.893965797902965
447,50-50-10-32-21.png,"(50, 50)",10,32,21,40.4438060947016
448,50-50-20-4-21.png,"(50, 50)",20,4,21,39.37024101718197
449,50-50-20-8-21.png,"(50, 50)",20,8,21,38.591398393181834
450,50-50-20-16-21.png,"(50, 50)",20,16,21,38.0357088317644
451,50-50-20-32-21.png,"(50, 50)",20,32,21,36.90951765436361
452,50-50-30-4-21.png,"(50, 50)",30,4,21,37.407512359477025
453,50-50-30-8-21.png,"(50, 50)",30,8,21,36.8803662454784
454,50-50-30-16-21.png,"(50, 50)",30,16,21,36.42773144750048
455,50-50-30-32-21.png,"(50, 50)",30,32,21,35.581931010225404
456,50-50-40-4-21.png,"(50, 50)",40,4,21,36.34266040806045
457,50-50-40-8-21.png,"(50, 50)",40,8,21,35.92030648600848
458,50-50-40-16-21.png,"(50, 50)",40,16,21,35.54981100077644
459,50-50-40-32-21.png,"(50, 50)",40,32,21,34.89070505747581
460,50-50-50-4-21.png,"(50, 50)",50,4,21,35.57321461059462
461,50-50-50-8-21.png,"(50, 50)",50,8,21,35.320509045619225
462,50-50-50-16-21.png,"(50, 50)",50,16,21,35.00341634717428
463,50-50-50-32-21.png,"(50, 50)",50,32,21,34.45010199890153
464,50-50-60-4-21.png,"(50, 50)",60,4,21,35.135572857753566
465,50-50-60-8-21.png,"(50, 50)",60,8,21,34.88811517793843
466,50-50-60-16-21.png,"(50, 50)",60,16,21,34.607723722966064
467,50-50-60-32-21.png,"(50, 50)",60,32,21,34.141120725221874
468,50-50-70-4-21.png,"(50, 50)",70,4,21,34.80883260675368
469,50-50-70-8-21.png,"(50, 50)",70,8,21,34.624413691801415
470,50-50-70-16-21.png,"(50, 50)",70,16,21,34.3165914877059
471,50-50-70-32-21.png,"(50, 50)",70,32,21,33.89172373247962
472,50-50-80-4-21.png,"(50, 50)",80,4,21,34.437415573702786
473,50-50-80-8-21.png,"(50, 50)",80,8,21,34.39695185698456
474,50-50-80-16-21.png,"(50, 50)",80,16,21,34.06946961347582
475,50-50-80-32-21.png,"(50, 50)",80,32,21,33.72051727903769
476,50-50-90-4-21.png,"(50, 50)",90,4,21,34.231730517020196
477,50-50-90-8-21.png,"(50, 50)",90,8,21,34.226234055900825
478,50-50-90-16-21.png,"(50, 50)",90,16,21,33.89053394141513
479,50-50-90-32-21.png,"(50, 50)",90,32,21,33.5505448987266
480,50-50-100-4-21.png,"(50, 50)",100,4,21,34.07602018907865
481,50-50-100-8-21.png,"(50, 50)",100,8,21,34.05114268371761
482,50-50-100-16-21.png,"(50, 50)",100,16,21,33.73843906829082
483,50-50-100-32-21.png,"(50, 50)",100,32,21,33.42020902945674
484,100-100-1-4-1.png,"(100, 100)",1,4,1,32.299112514728215
485,100-100-1-8-1.png,"(100, 100)",1,8,1,30.95681501650668
486,100-100-1-16-1.png,"(100, 100)",1,16,1,30.826499470336508
487,100-100-1-32-1.png,"(100, 100)",1,32,1,31.0865142407515
488,100-100-10-4-1.png,"(100, 100)",10,4,1,30.408309838929565
489,100-100-10-8-1.png,"(100, 100)",10,8,1,29.85988659650721
490,100-100-10-16-1.png,"(100, 100)",10,16,1,29.77046884977218
491,100-100-10-32-1.png,"(100, 100)",10,32,1,29.806951460321006
492,100-100-20-4-1.png,"(100, 100)",20,4,1,30.37711728938334
493,100-100-20-8-1.png,"(100, 100)",20,8,1,29.822942667195356
494,100-100-20-16-1.png,"(100, 100)",20,16,1,29.803643731314686
495,100-100-20-32-1.png,"(100, 100)",20,32,1,29.8356892268597
496,100-100-30-4-1.png,"(100, 100)",30,4,1,30.379603855062527
497,100-100-30-8-1.png,"(100, 100)",30,8,1,29.81593429055893
498,100-100-30-16-1.png,"(100, 100)",30,16,1,29.838280973446057
499,100-100-30-32-1.png,"(100, 100)",30,32,1,29.806289917348007
500,100-100-40-4-1.png,"(100, 100)",40,4,1,30.358558019757737
501,100-100-40-8-1.png,"(100, 100)",40,8,1,29.850340647017045
502,100-100-40-16-1.png,"(100, 100)",40,16,1,29.83743724447537
503,100-100-40-32-1.png,"(100, 100)",40,32,1,29.840748502157783
504,100-100-50-4-1.png,"(100, 100)",50,4,1,30.412173116855943
505,100-100-50-8-1.png,"(100, 100)",50,8,1,29.820669713257608
506,100-100-50-16-1.png,"(100, 100)",50,16,1,29.827208616860517
507,100-100-50-32-1.png,"(100, 100)",50,32,1,29.844126204694597
508,100-100-60-4-1.png,"(100, 100)",60,4,1,30.43191075984502
509,100-100-60-8-1.png,"(100, 100)",60,8,1,29.837839657440828
510,100-100-60-16-1.png,"(100, 100)",60,16,1,29.820285463737907
511,100-100-60-32-1.png,"(100, 100)",60,32,1,29.78130263641528
512,100-100-70-4-1.png,"(100, 100)",70,4,1,30.4208809230514
513,100-100-70-8-1.png,"(100, 100)",70,8,1,29.83303218489165
514,100-100-70-16-1.png,"(100, 100)",70,16,1,29.82943259546996
515,100-100-70-32-1.png,"(100, 100)",70,32,1,29.85355129488748
516,100-100-80-4-1.png,"(100, 100)",80,4,1,30.345573205739736
517,100-100-80-8-1.png,"(100, 100)",80,8,1,29.82449355345672
518,100-100-80-16-1.png,"(100, 100)",80,16,1,29.86378388729202
519,100-100-80-32-1.png,"(100, 100)",80,32,1,29.840156981098733
520,100-100-90-4-1.png,"(100, 100)",90,4,1,30.407863070636427
521,100-100-90-8-1.png,"(100, 100)",90,8,1,29.818021500069094
522,100-100-90-16-1.png,"(100, 100)",90,16,1,29.8161630517495
523,100-100-90-32-1.png,"(100, 100)",90,32,1,29.825107664902532
524,100-100-100-4-1.png,"(100, 100)",100,4,1,30.383972514997506
525,100-100-100-8-1.png,"(100, 100)",100,8,1,29.808316173760193
526,100-100-100-16-1.png,"(100, 100)",100,16,1,29.820479763115184
527,100-100-100-32-1.png,"(100, 100)",100,32,1,29.83288222453792
528,100-100-1-4-11.png,"(100, 100)",1,4,11,45.2878681806405
529,100-100-1-8-11.png,"(100, 100)",1,8,11,45.03847200785877
530,100-100-1-16-11.png,"(100, 100)",1,16,11,44.4869898922303
531,100-100-1-32-11.png,"(100, 100)",1,32,11,43.08061414481689
532,100-100-10-4-11.png,"(100, 100)",10,4,11,34.58065717612398
533,100-100-10-8-11.png,"(100, 100)",10,8,11,33.13413857332141
534,100-100-10-16-11.png,"(100, 100)",10,16,11,32.515643206015724
535,100-100-10-32-11.png,"(100, 100)",10,32,11,31.54697786773239
536,100-100-20-4-11.png,"(100, 100)",20,4,11,32.05065997861279
537,100-100-20-8-11.png,"(100, 100)",20,8,11,31.208285653877
538,100-100-20-16-11.png,"(100, 100)",20,16,11,30.849902120103664
539,100-100-20-32-11.png,"(100, 100)",20,32,11,30.41104261146402
540,100-100-30-4-11.png,"(100, 100)",30,4,11,31.28479361594781
541,100-100-30-8-11.png,"(100, 100)",30,8,11,30.549221917977714
542,100-100-30-16-11.png,"(100, 100)",30,16,11,30.3499787922157
543,100-100-30-32-11.png,"(100, 100)",30,32,11,30.09131760041062
544,100-100-40-4-11.png,"(100, 100)",40,4,11,30.87824420201504
545,100-100-40-8-11.png,"(100, 100)",40,8,11,30.249150736529057
546,100-100-40-16-11.png,"(100, 100)",40,16,11,30.14249507947451
547,100-100-40-32-11.png,"(100, 100)",40,32,11,29.960985055543553
548,100-100-50-4-11.png,"(100, 100)",50,4,11,30.757845178763557
549,100-100-50-8-11.png,"(100, 100)",50,8,11,30.09526736953678
550,100-100-50-16-11.png,"(100, 100)",50,16,11,30.019805507437948
551,100-100-50-32-11.png,"(100, 100)",50,32,11,29.899018482168493
552,100-100-60-4-11.png,"(100, 100)",60,4,11,30.612519088086003
553,100-100-60-8-11.png,"(100, 100)",60,8,11,29.995553605366435
554,100-100-60-16-11.png,"(100, 100)",60,16,11,29.943886272396067
555,100-100-60-32-11.png,"(100, 100)",60,32,11,29.86033860954713
556,100-100-70-4-11.png,"(100, 100)",70,4,11,30.524357705050193
557,100-100-70-8-11.png,"(100, 100)",70,8,11,29.93308756777597
558,100-100-70-16-11.png,"(100, 100)",70,16,11,29.895941594201577
559,100-100-70-32-11.png,"(100, 100)",70,32,11,29.85008065607829
560,100-100-80-4-11.png,"(100, 100)",80,4,11,30.493188474186862
561,100-100-80-8-11.png,"(100, 100)",80,8,11,29.87996940759774
562,100-100-80-16-11.png,"(100, 100)",80,16,11,29.87213637224016
563,100-100-80-32-11.png,"(100, 100)",80,32,11,29.82842014637193
564,100-100-90-4-11.png,"(100, 100)",90,4,11,30.457768152305334
565,100-100-90-8-11.png,"(100, 100)",90,8,11,29.87421054739359
566,100-100-90-16-11.png,"(100, 100)",90,16,11,29.85362094949041
567,100-100-90-32-11.png,"(100, 100)",90,32,11,29.82805404138343
568,100-100-100-4-11.png,"(100, 100)",100,4,11,30.46479409799194
569,100-100-100-8-11.png,"(100, 100)",100,8,11,29.869734345275177
570,100-100-100-16-11.png,"(100, 100)",100,16,11,29.844373896896812
571,100-100-100-32-11.png,"(100, 100)",100,32,11,29.83288410972165
572,100-100-1-4-21.png,"(100, 100)",1,4,21,46.003094707610316
573,100-100-1-8-21.png,"(100, 100)",1,8,21,45.88540737710975
574,100-100-1-16-21.png,"(100, 100)",1,16,21,45.76576688805112
575,100-100-1-32-21.png,"(100, 100)",1,32,21,45.479036065093
576,100-100-10-4-21.png,"(100, 100)",10,4,21,38.075878863765396
577,100-100-10-8-21.png,"(100, 100)",10,8,21,36.85622954853113
578,100-100-10-16-21.png,"(100, 100)",10,16,21,36.28800522065495
579,100-100-10-32-21.png,"(100, 100)",10,32,21,34.905650746959495
580,100-100-20-4-21.png,"(100, 100)",20,4,21,34.28961573329583
581,100-100-20-8-21.png,"(100, 100)",20,8,21,33.17054875208749
582,100-100-20-16-21.png,"(100, 100)",20,16,21,33.0669752536294
583,100-100-20-32-21.png,"(100, 100)",20,32,21,32.21306095451332
584,100-100-30-4-21.png,"(100, 100)",30,4,21,32.94505588928656
585,100-100-30-8-21.png,"(100, 100)",30,8,21,31.890487632194624
586,100-100-30-16-21.png,"(100, 100)",30,16,21,31.840497759757046
587,100-100-30-32-21.png,"(100, 100)",30,32,21,31.237983003464844
588,100-100-40-4-21.png,"(100, 100)",40,4,21,32.06806751421889
589,100-100-40-8-21.png,"(100, 100)",40,8,21,31.242897788313098
590,100-100-40-16-21.png,"(100, 100)",40,16,21,31.19306491919909
591,100-100-40-32-21.png,"(100, 100)",40,32,21,30.732845612399263
592,100-100-50-4-21.png,"(100, 100)",50,4,21,31.61588651600338
593,100-100-50-8-21.png,"(100, 100)",50,8,21,30.82786491658124
594,100-100-50-16-21.png,"(100, 100)",50,16,21,30.796052468951554
595,100-100-50-32-21.png,"(100, 100)",50,32,21,30.462886926347494
596,100-100-60-4-21.png,"(100, 100)",60,4,21,31.24098123989245
597,100-100-60-8-21.png,"(100, 100)",60,8,21,30.553263436255264
598,100-100-60-16-21.png,"(100, 100)",60,16,21,30.54547423283847
599,100-100-60-32-21.png,"(100, 100)",60,32,21,30.27972523679275
600,100-100-70-4-21.png,"(100, 100)",70,4,21,30.977264721818493
601,100-100-70-8-21.png,"(100, 100)",70,8,21,30.37101839580839
602,100-100-70-16-21.png,"(100, 100)",70,16,21,30.36059040243805
603,100-100-70-32-21.png,"(100, 100)",70,32,21,30.167416928741375
604,100-100-80-4-21.png,"(100, 100)",80,4,21,30.898579185994535
605,100-100-80-8-21.png,"(100, 100)",80,8,21,30.234812150800007
606,100-100-80-16-21.png,"(100, 100)",80,16,21,30.252999723911437
607,100-100-80-32-21.png,"(100, 100)",80,32,21,30.078033817797376
608,100-100-90-4-21.png,"(100, 100)",90,4,21,30.827087333138934
609,100-100-90-8-21.png,"(100, 100)",90,8,21,30.158729558617207
610,100-100-90-16-21.png,"(100, 100)",90,16,21,30.169483914805642
611,100-100-90-32-21.png,"(100, 100)",90,32,21,30.02674204615275
612,100-100-100-4-21.png,"(100, 100)",100,4,21,30.757995213267417
613,100-100-100-8-21.png,"(100, 100)",100,8,21,30.09300867104774
614,100-100-100-16-21.png,"(100, 100)",100,16,21,30.10078892456237
615,100-100-100-32-21.png,"(100, 100)",100,32,21,29.969782695933315
616,100-100-1-4-31.png,"(100, 100)",1,4,31,46.219290403148634
617,100-100-1-8-31.png,"(100, 100)",1,8,31,46.18180274143296
618,100-100-1-16-31.png,"(100, 100)",1,16,31,46.13344924721368
619,100-100-1-32-31.png,"(100, 100)",1,32,31,46.00286765799038
620,100-100-10-4-31.png,"(100, 100)",10,4,31,41.23663282057278
621,100-100-10-8-31.png,"(100, 100)",10,8,31,40.27062844369431
622,100-100-10-16-31.png,"(100, 100)",10,16,31,39.46061974312176
623,100-100-10-32-31.png,"(100, 100)",10,32,31,38.065284665866606
624,100-100-20-4-31.png,"(100, 100)",20,4,31,36.95602818788827
625,100-100-20-8-31.png,"(100, 100)",20,8,31,35.58737726001466
626,100-100-20-16-31.png,"(100, 100)",20,16,31,35.250765743103784
627,100-100-20-32-31.png,"(100, 100)",20,32,31,34.08965797234559
628,100-100-30-4-31.png,"(100, 100)",30,4,31,34.81497137767215
629,100-100-30-8-31.png,"(100, 100)",30,8,31,33.42669771879244
630,100-100-30-16-31.png,"(100, 100)",30,16,31,33.33602908729305
631,100-100-30-32-31.png,"(100, 100)",30,32,31,32.507882896440904
632,100-100-40-4-31.png,"(100, 100)",40,4,31,33.581882643794465
633,100-100-40-8-31.png,"(100, 100)",40,8,31,32.36163144134351
634,100-100-40-16-31.png,"(100, 100)",40,16,31,32.28496791238802
635,100-100-40-32-31.png,"(100, 100)",40,32,31,31.762718802965807
636,100-100-50-4-31.png,"(100, 100)",50,4,31,32.81672725063571
637,100-100-50-8-31.png,"(100, 100)",50,8,31,31.74116202234544
638,100-100-50-16-31.png,"(100, 100)",50,16,31,31.694697220440318
639,100-100-50-32-31.png,"(100, 100)",50,32,31,31.315124880126834
640,100-100-60-4-31.png,"(100, 100)",60,4,31,32.23011614710249
641,100-100-60-8-31.png,"(100, 100)",60,8,31,31.31495720296236
642,100-100-60-16-31.png,"(100, 100)",60,16,31,31.294589442078827
643,100-100-60-32-31.png,"(100, 100)",60,32,31,31.020292427862586
644,100-100-70-4-31.png,"(100, 100)",70,4,31,31.790267629646777
645,100-100-70-8-31.png,"(100, 100)",70,8,31,31.017301656902525
646,100-100-70-16-31.png,"(100, 100)",70,16,31,31.011197250728713
647,100-100-70-32-31.png,"(100, 100)",70,32,31,30.817642258667203
648,100-100-80-4-31.png,"(100, 100)",80,4,31,31.532694178984855
649,100-100-80-8-31.png,"(100, 100)",80,8,31,30.790831256145776
650,100-100-80-16-31.png,"(100, 100)",80,16,31,30.767299626593175
651,100-100-80-32-31.png,"(100, 100)",80,32,31,30.650924139135036
652,100-100-90-4-31.png,"(100, 100)",90,4,31,31.31695974672523
653,100-100-90-8-31.png,"(100, 100)",90,8,31,30.61435310097648
654,100-100-90-16-31.png,"(100, 100)",90,16,31,30.59301078906509
655,100-100-90-32-31.png,"(100, 100)",90,32,31,30.507643255249945
656,100-100-100-4-31.png,"(100, 100)",100,4,31,31.123687192185884
657,100-100-100-8-31.png,"(100, 100)",100,8,31,30.46915152030264
658,100-100-100-16-31.png,"(100, 100)",100,16,31,30.460195005987178
659,100-100-100-32-31.png,"(100, 100)",100,32,31,30.39946295783651
660,100-100-1-4-41.png,"(100, 100)",1,4,41,46.26243392781223
661,100-100-1-8-41.png,"(100, 100)",1,8,41,46.27010083696949
662,100-100-1-16-41.png,"(100, 100)",1,16,41,46.24500952126554
663,100-100-1-32-41.png,"(100, 100)",1,32,41,46.17610974490452
664,100-100-10-4-41.png,"(100, 100)",10,4,41,42.5559609737445
665,100-100-10-8-41.png,"(100, 100)",10,8,41,41.91158868261383
666,100-100-10-16-41.png,"(100, 100)",10,16,41,41.57107703763614
667,100-100-10-32-41.png,"(100, 100)",10,32,41,40.18789499383019
668,100-100-20-4-41.png,"(100, 100)",20,4,41,38.37205017279876
669,100-100-20-8-41.png,"(100, 100)",20,8,41,37.376805735989784
670,100-100-20-16-41.png,"(100, 100)",20,16,41,37.230954124917474
671,100-100-20-32-41.png,"(100, 100)",20,32,41,35.78364265263015
672,100-100-30-4-41.png,"(100, 100)",30,4,41,36.118093003936565
673,100-100-30-8-41.png,"(100, 100)",30,8,41,34.71119145867232
674,100-100-30-16-41.png,"(100, 100)",30,16,41,34.83839194819316
675,100-100-30-32-41.png,"(100, 100)",30,32,41,33.75549684905372
676,100-100-40-4-41.png,"(100, 100)",40,4,41,34.598072874427615
677,100-100-40-8-41.png,"(100, 100)",40,8,41,33.219998446324425
678,100-100-40-16-41.png,"(100, 100)",40,16,41,33.44147079126864
679,100-100-40-32-41.png,"(100, 100)",40,32,41,32.68764814384601
680,100-100-50-4-41.png,"(100, 100)",50,4,41,33.65168180881645
681,100-100-50-8-41.png,"(100, 100)",50,8,41,32.386873240705484
682,100-100-50-16-41.png,"(100, 100)",50,16,41,32.546177362233955
683,100-100-50-32-41.png,"(100, 100)",50,32,41,32.05780510373007
684,100-100-60-4-41.png,"(100, 100)",60,4,41,33.0200265696896
685,100-100-60-8-41.png,"(100, 100)",60,8,41,31.864585222693407
686,100-100-60-16-41.png,"(100, 100)",60,16,41,31.975829543791264
687,100-100-60-32-41.png,"(100, 100)",60,32,41,31.636944025289022
688,100-100-70-4-41.png,"(100, 100)",70,4,41,32.53025295500655
689,100-100-70-8-41.png,"(100, 100)",70,8,41,31.479146525588728
690,100-100-70-16-41.png,"(100, 100)",70,16,41,31.610946360448615
691,100-100-70-32-41.png,"(100, 100)",70,32,41,31.35201481402554
692,100-100-80-4-41.png,"(100, 100)",80,4,41,32.08358443737366
693,100-100-80-8-41.png,"(100, 100)",80,8,41,31.198595866154474
694,100-100-80-16-41.png,"(100, 100)",80,16,41,31.335004575065255
695,100-100-80-32-41.png,"(100, 100)",80,32,41,31.14601908524073
696,100-100-90-4-41.png,"(100, 100)",90,4,41,31.794701127729418
697,100-100-90-8-41.png,"(100, 100)",90,8,41,30.97048087502735
698,100-100-90-16-41.png,"(100, 100)",90,16,41,31.10308210417729
699,100-100-90-32-41.png,"(100, 100)",90,32,41,30.973022628912847
700,100-100-100-4-41.png,"(100, 100)",100,4,41,31.60314132137244
701,100-100-100-8-41.png,"(100, 100)",100,8,41,30.789664207646283
702,100-100-100-16-41.png,"(100, 100)",100,16,41,30.930552545074875
703,100-100-100-32-41.png,"(100, 100)",100,32,41,30.840696217881558
